ean,product_id,manufacturer,article_type,source_file,tyre_width,tyre_aspect_ratio,tyre_construction,tyre_diameter,tyre_load_index,tyre_speed_index,tyre_tread,tyre_tt_tl,provider,rim_width,rim_diameter,rim_offset,rim_color,rim_load_index,rim_speed_index
3188649811151,20004562,DUNLOP,Reifen,16.csv,175,65,R,15,,,SPORT FASTRESP.,,16,,,,,,
3188649813827,20004828,DUNLOP,Reifen,16.csv,225,65,R,16C,110,,ECONODRIVE,,16,,,,,,
3188649818662,20004677,DUNLOP,Reifen,16.csv,195,55,R,15,,,SPORT BLURESPONSE,,16,,,,,,
3188649818938,20004954,DUNLOP,Reifen,16.csv,225,55,R,16,,,SPORT BLURESPONSE,,16,,,,,,
3188649819256,20005098,DUNLOP,Reifen,16.csv,205,55,R,16,,,SPORT BLURESPONSE,,16,,,,,,
3188649820931,20004968,DUNLOP,Reifen,16.csv,165,70,R,13,,,STREET RESPONSE 2,,16,,,,,,
3188649821808,20004986,DUNLOP,Reifen,16.csv,205,45,R,17,,,SPORT MAXX RT*ROF XL,,16,,,,,,
3188649821822,20005160,DUNLOP,Reifen,16.csv,205,40,R,18,,,SPORT MAXX RT*ROF XL,,16,,,,,,
3286340496117,140005358,BRIDGESTONE,Reifen,16.csv,225,40,R,19,,,POTENZA S001*RFT,,16,,,,,,
3286340509213,140005267,BRIDGESTONE,Reifen,16.csv,225,45,R,17,,,TURANZA T001 EXT MOE,,16,,,,,,
3286340601511,140006180,BRIDGESTONE,Reifen,16.csv,225,50,R,17,,,TURANZA T001 EXT MOE,,16,,,,,,
3286340618816,140006022,BRIDGESTONE,Reifen,16.csv,205,60,R,16,,,BLIZZAK LM-32  MO,,16,,,,,,
3286340767217,140006881,BRIDGESTONE,Reifen,16.csv,205,60,R,17,,,BLIZZAK LM-001 *,,16,,,,,,
3286340841016,140006878,BRIDGESTONE,Reifen,16.csv,205,60,R,16,,,BLIZZAK LM-001 AO,,16,,,,,,
3286340921312,140006873,BRIDGESTONE,Reifen,16.csv,205,55,R,16,,,BLIZZAK LM-001 *,,16,,,,,,
3286340970518,150001901,FIRESTONE,Reifen,16.csv,195,55,R,16,,,ROADHAWK,,16,,,,,,
3286340972017,150001920,FIRESTONE,Reifen,16.csv,215,50,R,17,,,ROADHAWK XLFSL,,16,,,,,,
3286340998819,140007256,BRIDGESTONE,Reifen,16.csv,225,60,R,18,,,BLIZZAK LM-001 XL*,,16,,,,,,
3286341000016,140007518,BRIDGESTONE,Reifen,16.csv,225,50,R,17,,,BLIZZAK LM-001 3PMSF RFTXL*,,16,,,,,,
3286341003215,140007141,BRIDGESTONE,Reifen,16.csv,245,45,R,19,,,BLIZZAK LM-001 RFT XL*,,16,,,,,,
3286341041811,140007653,BRIDGESTONE,Reifen,16.csv,215,40,R,18,,,TURANZA T 005 XLAO,,16,,,,,,
3286341042214,140007500,BRIDGESTONE,Reifen,16.csv,215,65,R,17,,,BLIZZAK LM-001 3PMSF AO M+S,,16,,,,,,
3286341112818,150002014,FIRESTONE,Reifen,16.csv,195,60,R,16,,,ROADHAWK XL,,16,,,,,,
3286341113716,150002033,FIRESTONE,Reifen,16.csv,235,50,R,18,,,ROADHAWK XLFSL,,16,,,,,,
3286341116311,140007867,BRIDGESTONE,Reifen,16.csv,245,40,R,20,,,POTENZA S 001 RFTXL*FSL,,16,,,,,,
3286341284416,150001984,FIRESTONE,Reifen,16.csv,165,70,R,14,,,MULTIHAWK 2 XL,,16,,,,,,
3286341397611,140007971,BRIDGESTONE,Reifen,16.csv,215,65,R,16,,,BLIZZAK LM-005 3PMSF,,16,,,,,,
3286341413816,140008091,BRIDGESTONE,Reifen,16.csv,215,55,R,17,,,TURANZA T 005,,16,,,,,,
3286341516616,140007908,BRIDGESTONE,Reifen,16.csv,175,70,R,14,,,BLIZZAK LM-005 3PMSF,,16,,,,,,
3286341516814,140007913,BRIDGESTONE,Reifen,16.csv,185,60,R,15,,,BLIZZAK LM-005 3PMSF,,16,,,,,,
3286341517217,140007906,BRIDGESTONE,Reifen,16.csv,175,65,R,15,,,BLIZZAK LM-005 XL 3PMSF,,16,,,,,,
3286341529111,140007928,BRIDGESTONE,Reifen,16.csv,195,65,R,15,,,BLIZZAK LM-005 3PMSF,,16,,,,,,
3286341530117,140007921,BRIDGESTONE,Reifen,16.csv,195,55,R,16,,,BLIZZAK LM-005 3PMSF,,16,,,,,,
3286341670714,140007980,BRIDGESTONE,Reifen,16.csv,225,40,R,18,,,BLIZZAK LM-005 DRIVEGUARD RF,,16,,,,,,
3286341671117,140007946,BRIDGESTONE,Reifen,16.csv,205,60,R,16,,,BLIZZAK LM-005 DRIVEGUARD RF,,16,,,,,,
3286341671315,140008377,BRIDGESTONE,Reifen,16.csv,205,45,R,17,,,BLIZZAK LM-005 DRIVEGUARD RF,,16,,,,,,
3286341671612,140008437,BRIDGESTONE,Reifen,16.csv,245,45,R,18,,,BLIZZAK LM-005 DRIVEGUARD RF,,16,,,,,,
3286341770711,140007984,BRIDGESTONE,Reifen,16.csv,225,45,R,17,,,BLIZZAK LM-005 XLFSL 3PMSF,,16,,,,,,
3286341801118,150002274,FIRESTONE,Reifen,16.csv,255,50,R,19,,,WINTERHAWK 4 XL 3PMSF,,16,,,,,,
3286341802214,150002250,FIRESTONE,Reifen,16.csv,225,60,R,17,,,WINTERHAWK 4 3PMSF,,16,,,,,,
3286341802313,150002259,FIRESTONE,Reifen,16.csv,235,50,R,18,,,WINTERHAWK 4 XL 3PMSF,,16,,,,,,
3286341802818,150002238,FIRESTONE,Reifen,16.csv,215,70,R,16,,,WINTERHAWK 4 3PMSF,,16,,,,,,
3286341803716,150002202,FIRESTONE,Reifen,16.csv,185,65,R,15,,,WINTERHAWK 4 3PMSF,,16,,,,,,
3286341803914,150002219,FIRESTONE,Reifen,16.csv,205,55,R,16,,,WINTERHAWK 4 3PMSF,,16,,,,,,
3286341804416,150002210,FIRESTONE,Reifen,16.csv,195,60,R,15,,,WINTERHAWK 4 3PMSF,,16,,,,,,
3286341804614,150002213,FIRESTONE,Reifen,16.csv,195,65,R,15,,,WINTERHAWK 4 3PMSF,,16,,,,,,
3286341804713,150002201,FIRESTONE,Reifen,16.csv,185,65,R,15,,,WINTERHAWK 4 XL 3PMSF,,16,,,,,,
3286341805215,150002261,FIRESTONE,Reifen,16.csv,235,55,R,17,,,WINTERHAWK 4 XL 3PMSF,,16,,,,,,
3286341805413,150002218,FIRESTONE,Reifen,16.csv,205,55,R,16,,,WINTERHAWK 4 XL 3PMSF,,16,,,,,,
3286341806014,150002211,FIRESTONE,Reifen,16.csv,195,60,R,16,,,WINTERHAWK 4 3PMSF,,16,,,,,,
3286341806212,150002257,FIRESTONE,Reifen,16.csv,235,45,R,18,,,WINTERHAWK 4 XLFSL 3PMSF,,16,,,,,,
3286341806717,150002212,FIRESTONE,Reifen,16.csv,195,65,R,15,,,WINTERHAWK 4 3PMSF,,16,,,,,,
3286341807011,150002215,FIRESTONE,Reifen,16.csv,205,45,R,17,,,WINTERHAWK 4 XLFSL 3PMSF,,16,,,,,,
3286341807110,150002240,FIRESTONE,Reifen,16.csv,225,45,R,17,,,WINTERHAWK 4 FSL 3PMSF,,16,,,,,,
3286341807318,150002246,FIRESTONE,Reifen,16.csv,225,55,R,16,,,WINTERHAWK 4 XL 3PMSF,,16,,,,,,
3286341807417,150002207,FIRESTONE,Reifen,16.csv,195,55,R,16,,,WINTERHAWK 4 XL 3PMSF,,16,,,,,,
3286341807615,150002242,FIRESTONE,Reifen,16.csv,225,45,R,18,,,WINTERHAWK 4 XLFSL 3PMSF,,16,,,,,,
3286341807714,150002258,FIRESTONE,Reifen,16.csv,235,45,R,19,,,WINTERHAWK 4 XLFSL 3PMSF,,16,,,,,,
3286341808018,150002244,FIRESTONE,Reifen,16.csv,225,50,R,17,,,WINTERHAWK 4 XL 3PMSF,,16,,,,,,
3286341808117,150002221,FIRESTONE,Reifen,16.csv,205,60,R,16,,,WINTERHAWK 4 XL 3PMSF,,16,,,,,,
3286341808414,150002269,FIRESTONE,Reifen,16.csv,245,45,R,18,,,WINTERHAWK 4 XLFSL 3PMSF,,16,,,,,,
3286341808513,150002216,FIRESTONE,Reifen,16.csv,205,50,R,17,,,WINTERHAWK 4 XL 3PMSF,,16,,,,,,
3286341809114,150002227,FIRESTONE,Reifen,16.csv,215,50,R,17,,,WINTERHAWK 4 XL 3PMSF,,16,,,,,,
3286341809411,150002229,FIRESTONE,Reifen,16.csv,215,55,R,16,,,WINTERHAWK 4 3PMSF,,16,,,,,,
3286341810318,150002086,FIRESTONE,Reifen,16.csv,205,65,R,16C,105,,VANHAWK 2,,16,,,,,,
3286341820515,150002162,FIRESTONE,Reifen,16.csv,215,40,R,18,,,ROADHAWK XLFSL,,16,,,,,,
3286341826418,140008322,BRIDGESTONE,Reifen,16.csv,245,45,R,18,,,TURANZA T 005 XL*,,16,,,,,,
3286341830811,140008863,BRIDGESTONE,Reifen,16.csv,215,60,R,17C,102,,BLIZZAK W810 3PMSF,,16,,,,,,
3286341832518,150002144,FIRESTONE,Reifen,16.csv,205,65,R,16C,105,,VANHAWK 2 WINTER 3PMSF,,16,,,,,,
3286341833713,150002141,FIRESTONE,Reifen,16.csv,195,70,R,15C,102,,VANHAWK 2 WINTER 3PMSF,,16,,,,,,
3286341900217,140008219,BRIDGESTONE,Reifen,16.csv,185,65,R,15,,,TURANZA ECO XL,,16,,,,,,
3286341926613,140008384,BRIDGESTONE,Reifen,16.csv,215,45,R,17,,,TURANZA T 005 XLAO,,16,,,,,,
3286341936711,150002251,FIRESTONE,Reifen,16.csv,225,60,R,18,,,WINTERHAWK 4 XL 3PMSF,,16,,,,,,
3286341937015,150002263,FIRESTONE,Reifen,16.csv,235,55,R,19,,,WINTERHAWK 4 XL 3PMSF,,16,,,,,,
3286341937213,150002270,FIRESTONE,Reifen,16.csv,245,45,R,19,,,WINTERHAWK 4 XLFSL 3PMSF,,16,,,,,,
3286341937312,150002273,FIRESTONE,Reifen,16.csv,255,45,R,20,,,WINTERHAWK 4 XL 3PMSF,,16,,,,,,
3286342044613,140009702,BRIDGESTONE,Reifen,16.csv,215,60,R,17,,,BLIZZAK 6 ENLITEN XL 3PMSF,,16,,,,,,
3286342044910,140009703,BRIDGESTONE,Reifen,16.csv,215,65,R,17,,,BLIZZAK 6 ENLITEN XL 3PMSF,,16,,,,,,
3286342045115,140009717,BRIDGESTONE,Reifen,16.csv,225,65,R,17,,,BLIZZAK 6 ENLITEN XL 3PMSF,,16,,,,,,
3286342046518,140009733,BRIDGESTONE,Reifen,16.csv,235,60,R,18,,,BLIZZAK 6 ENLITEN XL 3PMSF,,16,,,,,,
3286342048116,140009749,BRIDGESTONE,Reifen,16.csv,245,45,R,20,,,BLIZZAK 6 ENLITEN XLFSL 3PMS,,16,,,,,,
3286342053516,140009231,BRIDGESTONE,Reifen,16.csv,235,55,R,17,,,TURANZA 6 ENLITEN XL,,16,,,,,,
3286342057415,140009268,BRIDGESTONE,Reifen,16.csv,255,40,R,20,,,TURANZA 6 ENLITEN XLFSL,,16,,,,,,
3286342062310,150002536,FIRESTONE,Reifen,16.csv,225,65,R,17,,,ROADHAWK 2 ENLITEN,,16,,,,,,
3286342064116,150002482,FIRESTONE,Reifen,16.csv,215,55,R,18,,,ROADHAWK 2 XL,,16,,,,,,
3286342066011,150002425,FIRESTONE,Reifen,16.csv,225,55,R,19,,,ROADHAWK 2 ENLITEN,,16,,,,,,
3286342066219,150002439,FIRESTONE,Reifen,16.csv,235,55,R,19,,,ROADHAWK 2 ENLITEN XL,,16,,,,,,
3286342078113,140008562,BRIDGESTONE,Reifen,16.csv,215,65,R,16C,104,,DURAVIS ALL SEASON 3PMSF,,16,,,,,,
3286342079011,140008579,BRIDGESTONE,Reifen,16.csv,225,55,R,17C,107,,DURAVIS ALL SEASON 3PMSF,,16,,,,,,
3286342079615,140009659,BRIDGESTONE,Reifen,16.csv,205,65,R,16C,105,,DURAVIS ALL SEASON EVO ENLIT,,16,,,,,,
3286342084916,150002285,FIRESTONE,Reifen,16.csv,205,75,R,16C,,,VANHAWK MULTISEASON 3PMSF,,16,,,,,,
3286342085418,150002289,FIRESTONE,Reifen,16.csv,215,65,R,16C,,,VANHAWK MULTISEASON 3PMSF,,16,,,,,,
3286342089614,140009185,BRIDGESTONE,Reifen,16.csv,215,65,R,16C,107,,DURAVIS VAN ENLITEN,,16,,,,,,
3286342120119,140009711,BRIDGESTONE,Reifen,16.csv,225,50,R,17,,,BLIZZAK 6 ENLITEN XL 3PMSF,,16,,,,,,
3286342120218,140009713,BRIDGESTONE,Reifen,16.csv,225,55,R,17,,,BLIZZAK 6 ENLITEN XL 3PMSF,,16,,,,,,
3286342121017,140009802,BRIDGESTONE,Reifen,16.csv,235,55,R,17,,,BLIZZAK 6 ENLITEN XL 3PMSF,,16,,,,,,
3286342121611,140009704,BRIDGESTONE,Reifen,16.csv,225,40,R,18,,,BLIZZAK 6 ENLITEN XLFSL 3PMS,,16,,,,,,
3286342121710,140009709,BRIDGESTONE,Reifen,16.csv,225,45,R,18,,,BLIZZAK 6 ENLITEN XLFSL 3PMS,,16,,,,,,
3286342122212,140009728,BRIDGESTONE,Reifen,16.csv,235,50,R,18,,,BLIZZAK 6 XL 3PMSF,,16,,,,,,
3286342122915,140009815,BRIDGESTONE,Reifen,16.csv,255,45,R,18,,,BLIZZAK 6 ENLITEN XLFSL 3PMS,,16,,,,,,
3286342123417,140009799,BRIDGESTONE,Reifen,16.csv,235,40,R,19,,,BLIZZAK 6 ENLITEN XLFSL 3PMS,,16,,,,,,
3286342123516,140009726,BRIDGESTONE,Reifen,16.csv,235,45,R,19,,,BLIZZAK 6 ENLITEN XLFSL 3PMS,,16,,,,,,
3286342130415,140009174,BRIDGESTONE,Reifen,16.csv,215,40,R,17,,,TURANZA 6 ENLITEN XLFSL,,16,,,,,,
3286342131115,140009197,BRIDGESTONE,Reifen,16.csv,225,45,R,17,,,TURANZA 6 ENLITEN FSL,,16,,,,,,
3286342131719,140009200,BRIDGESTONE,Reifen,16.csv,225,50,R,17,,,TURANZA 6 ENLITEN XL,,16,,,,,,
3286342148618,150002507,FIRESTONE,Reifen,16.csv,215,55,R,16,,,ROADHAWK 2 ENLITEN,,16,,,,,,
3286342151816,150002419,FIRESTONE,Reifen,16.csv,225,45,R,18,,,ROADHAWK 2 ENLITEN XLFSL,,16,,,,,,
3286342174419,140008596,BRIDGESTONE,Reifen,16.csv,235,40,R,20,,,BLIZZAK LM-005 XLFSL 3PMSF,,16,,,,,,
3286342174518,140008379,BRIDGESTONE,Reifen,16.csv,205,65,R,16,,,BLIZZAK LM-005 3PMSF,,16,,,,,,
3286342237916,140009215,BRIDGESTONE,Reifen,16.csv,235,40,R,18,,,TURANZA 6 ENLITEN XLFSL,,16,,,,,,
3286342238012,140009221,BRIDGESTONE,Reifen,16.csv,235,45,R,18,,,TURANZA 6 ENLITEN XLFSL,,16,,,,,,
3286342238616,140009272,BRIDGESTONE,Reifen,16.csv,255,45,R,18,,,TURANZA 6 ENLITEN XLFSL,,16,,,,,,
3286342240015,140009264,BRIDGESTONE,Reifen,16.csv,255,35,R,20,,,TURANZA 6 ENLITEN XLFSL,,16,,,,,,
3286342297514,140008331,BRIDGESTONE,Reifen,16.csv,225,60,R,18,,,A005 WEATHER CONTROL LHD XL,,16,,,,,,
3286342312118,140008721,BRIDGESTONE,Reifen,16.csv,245,35,R,20,,,POTENZA SPO. XL*FSL,,16,,,,,,
3286342387512,150002512,FIRESTONE,Reifen,16.csv,215,65,R,16C,107,,VANHAWK 3 ENLITEN,,16,,,,,,
3286342388212,140009501,BRIDGESTONE,Reifen,16.csv,205,55,R,16,,,TURANZA ALL SEASON 6 DRIVEGU,,16,,,,,,
3286342390819,140009529,BRIDGESTONE,Reifen,16.csv,215,70,R,16,,,TURANZA ALL SEASON 6 3PMSF,,16,,,,,,
3286342391717,140009509,BRIDGESTONE,Reifen,16.csv,215,40,R,17,,,TURANZA ALL SEASON 6 ENLITEN,,16,,,,,,
3286342393513,140009448,BRIDGESTONE,Reifen,16.csv,225,40,R,18,,,TURANZA ALL SEASON 6 ENLITEN,,16,,,,,,
3286342552118,140008690,BRIDGESTONE,Reifen,16.csv,225,45,R,17,,,TURANZA T 005 (+)FSL,,16,,,,,,
3286342586014,140008858,BRIDGESTONE,Reifen,16.csv,205,65,R,16C,101,,BLIZZAK LM-32C 3PMSF,,16,,,,,,
3286342601212,140009178,BRIDGESTONE,Reifen,16.csv,215,50,R,18,,,TURANZA 6 ENLITEN,,16,,,,,,
3286342672014,150002429,FIRESTONE,Reifen,16.csv,235,40,R,19,,,ROADHAWK 2 ENLITEN XLFSL,,16,,,,,,
3286342673219,140009564,BRIDGESTONE,Reifen,16.csv,235,45,R,20,,,TURANZA ALL SEASON 6 ENLITEN,,16,,,,,,
3286342747415,140009534,BRIDGESTONE,Reifen,16.csv,225,45,R,18,,,BLIZZAK LM-005 XLMO 3PMSF,,16,,,,,,
3286342821511,140009092,BRIDGESTONE,Reifen,16.csv,225,70,R,15C,110,,BLIZZAK W810 3PMSF,,16,,,,,,
3286342851310,150002358,FIRESTONE,Reifen,16.csv,185,55,R,15,,,WINTERHAWK 4 XL 3PMSF,,16,,,,,,
3286342858715,150002356,FIRESTONE,Reifen,16.csv,255,45,R,19,,,WINTERHAWK 4 XLFSL 3PMSF,,16,,,,,,
3286342859514,150002344,FIRESTONE,Reifen,16.csv,205,45,R,17,,,MULTISEASON 2 XLFSL 3PMSF,,16,,,,,,
3286342859613,150002346,FIRESTONE,Reifen,16.csv,225,45,R,18,,,MULTISEASON 2 XLFSL 3PMSF,,16,,,,,,
3286342925417,140009523,BRIDGESTONE,Reifen,16.csv,215,65,R,16,,,TURANZA 6 ENLITEN XL,,16,,,,,,
3286343277614,150002414,FIRESTONE,Reifen,16.csv,215,65,R,17,,,ROADHAWK 2 ENLITEN,,16,,,,,,
3286343278017,150002436,FIRESTONE,Reifen,16.csv,235,50,R,19,,,ROADHAWK 2 ENLITEN,,16,,,,,,
3528700310290,70010863,MICHELIN,Reifen,16.csv,225,45,R,18,,,PIL.ALP. 5 3PMSF XL M+S,,16,,,,,,
3528700318180,70011250,MICHELIN,Reifen,16.csv,205,55,R,16,,,PRIMACY 4 *FSL,,16,,,,,,
3528700390940,70012120,MICHELIN,Reifen,16.csv,215,55,R,17,,,PRIMACY 4+ XL,,16,,,,,,
3528700981025,70012026,MICHELIN,Reifen,16.csv,235,45,R,20,,,CROSS CLIMATE 2 SUV XLVOL 3P,,16,,,,,,
3528701414584,73907469,MICHELIN,Reifen,16.csv,225,50,R,17,,,ALPIN 7 3PMSF,,16,,,,,,
3528701492032,70010897,MICHELIN,Reifen,16.csv,235,45,R,18,,Z,PIL.SPT 4 XLT0,,16,,,,,,
3528701493022,73907461,MICHELIN,Reifen,16.csv,215,60,R,17,,,ALPIN 7 3PMSF,,16,,,,,,
3528701565934,1070000404,KLEBER,Reifen,16.csv,235,45,R,18,,,QUADRAXER 3 XL 3PMSF,,16,,,,,,
3528701639352,70012098,MICHELIN,Reifen,16.csv,205,55,R,16,,,PRIMACY 4+ XL,,16,,,,,,
3528701789590,70011883,MICHELIN,Reifen,16.csv,175,65,R,15,,,CROSS CLIMATE 2 XL 3PMSF,,16,,,,,,
3528701915166,73907628,MICHELIN,Reifen,16.csv,215,65,R,16,,,PRIMACY 5,,16,,,,,,
3528702126417,73907494,MICHELIN,Reifen,16.csv,245,45,R,18,,,ALPIN 7 XLRG 3PMSF,,16,,,,,,
3528702638569,70012199,MICHELIN,Reifen,16.csv,245,45,R,18,,,PRIMACY 4+ XL,,16,,,,,,
3528702780299,70011580,MICHELIN,Reifen,16.csv,215,65,R,16C,104,,AGILIS 3,,16,,,,,,
3528703006022,70011956,MICHELIN,Reifen,16.csv,225,55,R,16,,,CROSS CLIMATE 2 XL 3PMSF,,16,,,,,,
3528703342458,70011934,MICHELIN,Reifen,16.csv,215,55,R,17,,,CROSS CLIMATE 2 XL 3PMSF,,16,,,,,,
3528703411987,70011360,MICHELIN,Reifen,16.csv,245,45,R,18,,,PRIMACY 4 XLMO,,16,,,,,,
3528703567837,70011887,MICHELIN,Reifen,16.csv,185,60,R,15,,,CROSS CLIMATE 2 XL 3PMSF,,16,,,,,,
3528703589785,73907483,MICHELIN,Reifen,16.csv,235,50,R,18,,,ALPIN 7 XL 3PMSF,,16,,,,,,
3528703638896,70011945,MICHELIN,Reifen,16.csv,225,40,R,18,,,CROSS CLIMATE 2 XL 3PMSF,,16,,,,,,
3528703714026,70011409,MICHELIN,Reifen,16.csv,215,65,R,16C,107,,AGILIS 3,,16,,,,,,
3528704001897,70012171,MICHELIN,Reifen,16.csv,235,40,R,19,,Z,PIL.SPT 5 XL,,16,,,,,,
3528704196302,70011911,MICHELIN,Reifen,16.csv,205,50,R,17,,,CROSS CLIMATE 2 XL 3PMSF,,16,,,,,,
3528704282289,70012121,MICHELIN,Reifen,16.csv,215,55,R,17,,,PRIMACY 4+,,16,,,,,,
3528704792504,70011935,MICHELIN,Reifen,16.csv,215,60,R,16,,,CROSS CLIMATE 2 XL 3PMSF,,16,,,,,,
3528704854097,70010793,MICHELIN,Reifen,16.csv,195,70,R,15C,102,,AGILIS CROSS CLIMATE 3PMSF M,,16,,,,,,
3528705526672,70010853,MICHELIN,Reifen,16.csv,215,70,R,15C,107,,AGILIS CROSS CLIMATE 3PMSF M,,16,,,,,,
3528705580094,73907599,MICHELIN,Reifen,16.csv,205,55,R,16,,,PRIMACY 5 XLRG,,16,,,,,,
3528706015809,73907454,MICHELIN,Reifen,16.csv,215,50,R,19,,,ALPIN 7 3PMSF,,16,,,,,,
3528706038013,70010826,MICHELIN,Reifen,16.csv,205,65,R,16C,105,,AGILIS CROSS CLIMATE 3PMSF M,,16,,,,,,
3528706160370,70012201,MICHELIN,Reifen,16.csv,245,45,R,19,,Z,PIL.SPT 5 XL,,16,,,,,,
3528706234576,70011082,MICHELIN,Reifen,16.csv,275,45,R,20,,,PIL.SPT 4 SUV XL,,16,,,,,,
3528706330803,73907480,MICHELIN,Reifen,16.csv,235,45,R,18,,,ALPIN 7 XLRG 3PMSF,,16,,,,,,
3528706556784,73907474,MICHELIN,Reifen,16.csv,225,55,R,17,,,ALPIN 7 3PMSF,,16,,,,,,
3528706582820,70012106,MICHELIN,Reifen,16.csv,205,60,R,16,,,PRIMACY 4+ XL,,16,,,,,,
3528706599323,70011915,MICHELIN,Reifen,16.csv,205,55,R,16,,,CROSS CLIMATE 2 3PMSF,,16,,,,,,
3528706627804,70011324,MICHELIN,Reifen,16.csv,225,45,R,17,,,PRIMACY 4 XL*,,16,,,,,,
3528707023865,70011640,MICHELIN,Reifen,16.csv,255,45,R,20,,,PIL.ALP. 5 SUV XL 3PMSF,,16,,,,,,
3528707101013,73907479,MICHELIN,Reifen,16.csv,225,65,R,17,,,ALPIN 7 XL 3PMSF,,16,,,,,,
3528707295651,70012135,MICHELIN,Reifen,16.csv,225,45,R,17,,,PRIMACY 4+,,16,,,,,,
3528707640697,70011933,MICHELIN,Reifen,16.csv,215,55,R,17,,,CROSS CLIMATE 2 3PMSF,,16,,,,,,
3528707761828,70012568,MICHELIN,Reifen,16.csv,255,45,R,19,,,CROSS CLIMATE 2 XL 3PMSF,,16,,,,,,
3528707828224,70011937,MICHELIN,Reifen,16.csv,215,60,R,16,,,CROSS CLIMATE 2 XL 3PMSF,,16,,,,,,
3528708149564,70009831,MICHELIN,Reifen,16.csv,185,55,R,15,,,CROSS CLIMATE+ XL,,16,,,,,,
3528708215740,70008699,MICHELIN,Reifen,16.csv,255,45,R,19,,,PILOT ALPIN PA4 EL,,16,,,,,,
3528708311497,73907468,MICHELIN,Reifen,16.csv,225,45,R,17,,,ALPIN 7 XLRG 3PMSF,,16,,,,,,
3528708706651,73907459,MICHELIN,Reifen,16.csv,215,55,R,18,,,ALPIN 7 XL 3PMSF,,16,,,,,,
3528708753273,73907591,MICHELIN,Reifen,16.csv,205,45,R,17,,,PRIMACY 5 XLRG,,16,,,,,,
3528708773189,73907600,MICHELIN,Reifen,16.csv,205,55,R,16,,,PRIMACY 5 RG,,16,,,,,,
3528708947740,70011977,MICHELIN,Reifen,16.csv,245,40,R,18,,,CROSS CLIMATE 2 XL 3PMSF,,16,,,,,,
3528708958401,73907622,MICHELIN,Reifen,16.csv,215,60,R,16,,,PRIMACY 5 XL,,16,,,,,,
3528708977761,70012175,MICHELIN,Reifen,16.csv,235,45,R,18,,,PRIMACY 4+ XL,,16,,,,,,
3528709098823,70012169,MICHELIN,Reifen,16.csv,235,40,R,18,,Z,PIL.SPT 5 XL,,16,,,,,,
3528709810517,70012283,MICHELIN,Reifen,16.csv,235,50,R,18,,,PIL.SPT 5 XL,,16,,,,,,
3528709948548,70010526,MICHELIN,Reifen,16.csv,285,35,R,20,,Z,PIL.SPT 4S XL*,,16,,,,,,
4019238004052,10010709,CONTINENTAL,Reifen,16.csv,245,50,R,19,,,ECOCONTACT 6 XL*,,16,,,,,,
4019238005103,10010447,CONTINENTAL,Reifen,16.csv,215,60,R,17C,104,H,VANCOECO VW (107H),,16,,,,,,
4019238005127,10010449,CONTINENTAL,Reifen,16.csv,215,65,R,16C,106,,VANCOECO VW (107/104T),,16,,,,,,
4019238005899,10010545,CONTINENTAL,Reifen,16.csv,255,35,R,19,,Z,SPORTC. 6 XLMO1FR,,16,,,,,,
4019238006155,10010146,CONTINENTAL,Reifen,16.csv,215,60,R,17C,107,,VANC. WINTER 3PMSF M+S (104H,,16,,,,,,
4019238008852,10009955,CONTINENTAL,Reifen,16.csv,205,60,R,16,,,PREMIUMC. 5 SSRXL*,,16,,,,,,
4019238010534,10010421,CONTINENTAL,Reifen,16.csv,205,55,R,16,,,ECOCONTACT 6 XLVW,,16,,,,,,
4019238010633,10010045,CONTINENTAL,Reifen,16.csv,175,65,R,15,,,ALLSEASONCONTACT,,16,,,,,,
4019238010756,10009867,CONTINENTAL,Reifen,16.csv,215,60,R,16,,,PREMIUMC. 2 SEAL C_S,,16,,,,,,
4019238011821,10012328,CONTINENTAL,Reifen,16.csv,225,50,R,17,,,ECOCONTACT 6 XL*,,16,,,,,,
4019238012996,10012308,CONTINENTAL,Reifen,16.csv,225,40,R,18,,,ECOCONTACT 6 XL*FR,,16,,,,,,
4019238013245,10010478,CONTINENTAL,Reifen,16.csv,225,55,R,17,,,ECOCONTACT 6 *,,16,,,,,,
4019238015157,10010720,CONTINENTAL,Reifen,16.csv,195,55,R,16,,,ECOCONTACT 6 XLVW,,16,,,,,,
4019238020403,10010788,CONTINENTAL,Reifen,16.csv,235,55,R,18,,,ECOCONTACT 6 MO,,16,,,,,,
4019238026054,10010473,CONTINENTAL,Reifen,16.csv,225,50,R,17,,,SPORTC. 5 MO,,16,,,,,,
4019238035490,10010768,CONTINENTAL,Reifen,16.csv,215,65,R,16C,107,,VANC. 100 (106T),,16,,,,,,
4019238036909,10010862,CONTINENTAL,Reifen,16.csv,175,65,R,15,,,ALLSEASONCONTACT XLFIA 3PMSF,,16,,,,,,
4019238037494,10010924,CONTINENTAL,Reifen,16.csv,215,65,R,15C,102,,VANC. 4SEASON 3PMSF,,16,,,,,,
4019238038231,10011172,CONTINENTAL,Reifen,16.csv,205,60,R,16,,,TS 870 3PMSF,,16,,,,,,
4019238038309,10011545,CONTINENTAL,Reifen,16.csv,205,55,R,16,,,TS 870 XL 3PMSF,,16,,,,,,
4019238038330,10011568,CONTINENTAL,Reifen,16.csv,225,45,R,17,,,TS 870 XLFR 3PMSF,,16,,,,,,
4019238039160,10012036,CONTINENTAL,Reifen,16.csv,265,30,R,20,,Z,SPORTC. 7 XLFR,,16,,,,,,
4019238039207,10011753,CONTINENTAL,Reifen,16.csv,275,40,R,20,,Z,SPORTC. 7 XLFR,,16,,,,,,
4019238040548,10011983,CONTINENTAL,Reifen,16.csv,225,35,R,19,,Z,SPORTC. 7 XLFR,,16,,,,,,
4019238040555,10011739,CONTINENTAL,Reifen,16.csv,245,40,R,19,,Z,SPORTC. 7 XLFR,,16,,,,,,
4019238040616,10012043,CONTINENTAL,Reifen,16.csv,275,35,R,19,,Z,SPORTC. 7 XLFR,,16,,,,,,
4019238041798,10010984,CONTINENTAL,Reifen,16.csv,255,45,R,20,,,SPORTC. 5 AOFR,,16,,,,,,
4019238044157,10011390,CONTINENTAL,Reifen,16.csv,235,45,R,20,,,ECOCONTACT 6Q SEAL XLVWFSL,,16,,,,,,
4019238049732,10011307,CONTINENTAL,Reifen,16.csv,235,60,R,17C,115,,VANC. ECO,,16,,,,,,
4019238054163,10011562,CONTINENTAL,Reifen,16.csv,215,65,R,17,,,TS 870 P FR M+S,,16,,,,,,
4019238054170,10011557,CONTINENTAL,Reifen,16.csv,215,60,R,17,,,TS 870 P FR M+S,,16,,,,,,
4019238054798,10011587,CONTINENTAL,Reifen,16.csv,235,55,R,18,,,TS 870 P FR 3PMSF,,16,,,,,,
4019238054804,10011580,CONTINENTAL,Reifen,16.csv,235,45,R,18,,,TS 870 P XLFR M+S,,16,,,,,,
4019238061284,10011484,CONTINENTAL,Reifen,16.csv,215,70,R,15CP,,,VANC. CAMPER 3PMSF,,16,,,,,,
4019238063554,10011427,CONTINENTAL,Reifen,16.csv,225,50,R,19,,,PREMIUMC. 6 XLFR,,16,,,,,,
4019238064001,10011785,CONTINENTAL,Reifen,16.csv,215,70,R,16,,,TS 870 P FR 3PMSF,,16,,,,,,
4019238064018,10011790,CONTINENTAL,Reifen,16.csv,225,55,R,16,,,TS 870 P XL 3PMSF,,16,,,,,,
4019238064247,10011775,CONTINENTAL,Reifen,16.csv,205,45,R,17,,,TS 870 P XLFR 3PMSF,,16,,,,,,
4019238064568,10011445,CONTINENTAL,Reifen,16.csv,255,45,R,20,,,PREMIUMC. 6 XLFR,,16,,,,,,
4019238065213,10011509,CONTINENTAL,Reifen,16.csv,235,50,R,19,,,PREMIUMC. 6 SEAL,,16,,,,,,
4019238065725,10011899,CONTINENTAL,Reifen,16.csv,185,60,R,15,,,ULTRACONTACT,,16,,,,,,
4019238065923,10012078,CONTINENTAL,Reifen,16.csv,225,45,R,17,,,ULTRACONTACT XLFR,,16,,,,,,
4019238066074,10011918,CONTINENTAL,Reifen,16.csv,195,55,R,16,,,ULTRACONTACT XLFR,,16,,,,,,
4019238066234,10012084,CONTINENTAL,Reifen,16.csv,235,40,R,18,,,ULTRACONTACT XLFR,,16,,,,,,
4019238066357,10011910,CONTINENTAL,Reifen,16.csv,195,50,R,15,,,ULTRACONTACT,,16,,,,,,
4019238066562,10011924,CONTINENTAL,Reifen,16.csv,195,60,R,16,,,ULTRACONTACT FR,,16,,,,,,
4019238066579,10011970,CONTINENTAL,Reifen,16.csv,215,60,R,16,,,ULTRACONTACT FR,,16,,,,,,
4019238066685,10011967,CONTINENTAL,Reifen,16.csv,215,55,R,18,,,ULTRACONTACT XLFR,,16,,,,,,
4019238072594,10012093,CONTINENTAL,Reifen,16.csv,245,45,R,19,,,ECOCONTACT 6Q XLFR,,16,,,,,,
4019238075908,10012176,CONTINENTAL,Reifen,16.csv,245,45,R,20,,Z,SPORTC. 7 XLFR,,16,,,,,,
4019238078541,10012117,CONTINENTAL,Reifen,16.csv,205,60,R,16,,,ULTRACONTACT FR,,16,,,,,,
4019238078817,10012424,CONTINENTAL,Reifen,16.csv,255,45,R,20,,Z,SPORTC. 7 XLFR,,16,,,,,,
4019238079098,10012330,CONTINENTAL,Reifen,16.csv,225,50,R,17,,,PREMIUMC. 7 XLFR,,16,,,,,,
4019238079210,10012320,CONTINENTAL,Reifen,16.csv,225,45,R,17,,,PREMIUMC. 7 XLFR,,16,,,,,,
4019238079241,10012298,CONTINENTAL,Reifen,16.csv,215,60,R,17,,,PREMIUMC. 7 FR,,16,,,,,,
4019238079272,10012290,CONTINENTAL,Reifen,16.csv,215,55,R,17,,,PREMIUMC. 7 FR,,16,,,,,,
4019238079319,10012333,CONTINENTAL,Reifen,16.csv,225,50,R,18,,,PREMIUMC. 7 XLFR,,16,,,,,,
4019238079418,10012337,CONTINENTAL,Reifen,16.csv,225,55,R,18,,,PREMIUMC. 7 FR,,16,,,,,,
4019238083699,10012552,CONTINENTAL,Reifen,16.csv,195,65,R,16,,,WINTERCONTACT TS 830 P * 3PM,,16,,,,,,
4019238087543,10012318,CONTINENTAL,Reifen,16.csv,225,45,R,17,,,PREMIUMC. 6 FR,,16,,,,,,
4019238092172,10012598,CONTINENTAL,Reifen,16.csv,215,65,R,17,,,ALLSEASONCONTACT 2 EVC XL 3P,,16,,,,,,
4019238092356,10012645,CONTINENTAL,Reifen,16.csv,235,55,R,19,,,ALLSEASONCONTACT 2 EVC SEAL,,16,,,,,,
4019238096040,10012553,CONTINENTAL,Reifen,16.csv,195,65,R,16C,100,,VANCONTACT A/S ULTRA 3PMSF (,,16,,,,,,
4019238097368,10012257,CONTINENTAL,Reifen,16.csv,195,55,R,16,,,TS 860 S XL* 3PMSF,,16,,,,,,
4019238097412,10012267,CONTINENTAL,Reifen,16.csv,205,55,R,16,,,TS 860 S SSR* 3PMSF,,16,,,,,,
4019238097726,10012422,CONTINENTAL,Reifen,16.csv,255,45,R,20,,,ECOCONTACT 6Q XL*FR,,16,,,,,,
4019238099751,10012742,CONTINENTAL,Reifen,16.csv,155,70,R,19,,,ULTRACONTACT EVC FR,,16,,,,,,
4019238130362,10012683,CONTINENTAL,Reifen,16.csv,255,50,R,19,,,PREMIUMCONTACT 7 EVC XLFR,,16,,,,,,
4019238130416,10013004,CONTINENTAL,Reifen,16.csv,255,55,R,19,,,PREMIUMCONTACT 7 EVC XLFR,,16,,,,,,
4019238150476,10013126,CONTINENTAL,Reifen,16.csv,265,50,R,19,,,PREMIUMCONTACT 7 EVC XLFR,,16,,,,,,
4019238285154,10012847,CONTINENTAL,Reifen,16.csv,225,45,R,18,,,PREMIUMCONTACT 6 EVC XLFR,,16,,,,,,
4019238286816,10012954,CONTINENTAL,Reifen,16.csv,245,45,R,19,,,SPORTCONTACT 5 XLMOFR,,16,,,,,,
4019238295948,10013041,CONTINENTAL,Reifen,16.csv,275,40,R,21,,,PREMIUMCONTACT 6 EVC XLVOL,,16,,,,,,
4019238300123,10013174,CONTINENTAL,Reifen,16.csv,225,55,R,17,,,PRE CON 5 * MO,,16,,,,,,
4019238300642,10013425,CONTINENTAL,Reifen,16.csv,235,35,R,19,,Z,SP CON 7 EVC XLFR,,16,,,,,,
4019238318388,10006148,CONTINENTAL,Reifen,16.csv,215,70,R,15C,,,VANCO CAMPER 8PR,,16,,,,,,
4019238348026,10007680,CONTINENTAL,Reifen,16.csv,215,40,R,17,,,PREMIUM CONT.  2 XL FR,,16,,,,,,
4019238393439,10012819,CONTINENTAL,Reifen,16.csv,215,55,R,17,,,ULTRACONTACT NXT EVC XLFR,,16,,,,,,
4019238393446,10012787,CONTINENTAL,Reifen,16.csv,205,55,R,17,,,ULTRACONTACT NXT EVC XLFR,,16,,,,,,
4019238399950,10012851,CONTINENTAL,Reifen,16.csv,225,45,R,18,,,ALLSEASONCONTACT 2 EVC XLFR,,16,,,,,,
4019238402247,10012901,CONTINENTAL,Reifen,16.csv,235,55,R,17,,,ALLSEASONCONTACT 2 EVC XL 3P,,16,,,,,,
4019238402285,10012967,CONTINENTAL,Reifen,16.csv,255,35,R,19,,,ALLSEASONCONTACT 2 EVC XLFR,,16,,,,,,
4019238402384,10012872,CONTINENTAL,Reifen,16.csv,225,60,R,17,,,ALLSEASONCONTACT 2 EVC XL 3P,,16,,,,,,
4019238402407,10012805,CONTINENTAL,Reifen,16.csv,215,50,R,17,,,ALLSEASONCONTACT 2 EVC XLFR,,16,,,,,,
4019238402414,10012798,CONTINENTAL,Reifen,16.csv,215,40,R,17,,,ALLSEASONCONTACT 2 EVC XLFR,,16,,,,,,
4019238520309,10008027,CONTINENTAL,Reifen,16.csv,235,50,R,18,,,SPORTCONT.5 SUV MO,,16,,,,,,
4019238559156,10008031,CONTINENTAL,Reifen,16.csv,255,40,R,20,,,SPORTCONTACT 5 SUV XL,,16,,,,,,
4019238588637,10008327,CONTINENTAL,Reifen,16.csv,215,55,R,17,,,ECOCONTACT 5 SEAL,,16,,,,,,
4019238655650,10008608,CONTINENTAL,Reifen,16.csv,225,45,R,17,,,ECOCONTACT 5 AO,,16,,,,,,
4019238657081,10008490,CONTINENTAL,Reifen,16.csv,235,50,R,18,,,SPORTCONT.5 SUV AO,,16,,,,,,
4019238673296,10009221,CONTINENTAL,Reifen,16.csv,235,65,R,17,,,TS 850 P AO M+S,,16,,,,,,
4019238676273,10008770,CONTINENTAL,Reifen,16.csv,215,60,R,17C,102,,VANCONT.WINTER,,16,,,,,,
4019238678833,10008779,CONTINENTAL,Reifen,16.csv,215,70,R,15C,107,,VANCONT.WINTER,,16,,,,,,
4019238680706,10008987,CONTINENTAL,Reifen,16.csv,235,55,R,19,,,SPORTC. 5 SUV AOFR,,16,,,,,,
4019238693348,10008782,CONTINENTAL,Reifen,16.csv,225,65,R,16C,110,,VANCONT.WINTER,,16,,,,,,
4019238695021,10008993,CONTINENTAL,Reifen,16.csv,235,55,R,19,,,SPORTC. 5 SUV XLLRFR,,16,,,,,,
4019238725445,10009488,CONTINENTAL,Reifen,16.csv,255,40,R,21,,Z,SPORTC. 6 XLRO1FR,,16,,,,,,
4019238754766,10009854,CONTINENTAL,Reifen,16.csv,205,60,R,16,,,ECOCONTACT 5 MO,,16,,,,,,
4019238772678,10009124,CONTINENTAL,Reifen,16.csv,235,55,R,17,,,ECOCONTACT 5 XL,,16,,,,,,
4019238815726,10010507,CONTINENTAL,Reifen,16.csv,235,50,R,19,,,PREMIUMC. 6 XLAOFR,,16,,,,,,
4019238817027,10010624,CONTINENTAL,Reifen,16.csv,155,80,R,13,,,ECOCONTACT 6,,16,,,,,,
4024063000667,250002148,BARUM,Reifen,16.csv,225,40,R,18,,,POLARIS 5 3PMSF XLFR M+S,,16,,,,,,
4024063000803,250001918,BARUM,Reifen,16.csv,205,55,R,16,,,QUARTARIS 5,,16,,,,,,
4024063001022,250002109,BARUM,Reifen,16.csv,185,60,R,14,,,POLARIS 5 3PMSF M+S,,16,,,,,,
4024063001121,250002138,BARUM,Reifen,16.csv,215,50,R,17,,,POLARIS 5 3PMSF XLFR M+S,,16,,,,,,
4024063001220,250002143,BARUM,Reifen,16.csv,215,65,R,15,,,POLARIS 5 3PMSF M+S,,16,,,,,,
4024063001503,250002198,BARUM,Reifen,16.csv,205,50,R,17,,,BRAVURIS 5 HM XLFR,,16,,,,,,
4024063001589,250002209,BARUM,Reifen,16.csv,215,45,R,16,,,BRAVURIS 5 HM XLFR,,16,,,,,,
4024063001879,250002185,BARUM,Reifen,16.csv,195,50,R,15,,,BRAVURIS 5 HM,,16,,,,,,
4024063001909,250002192,BARUM,Reifen,16.csv,195,65,R,15,,,BRAVURIS 5 HM,,16,,,,,,
4024063002104,250002193,BARUM,Reifen,16.csv,195,65,R,15,,,BRAVURIS 5 HM XL,,16,,,,,,
4024063002289,250002238,BARUM,Reifen,16.csv,235,40,R,19,,,BRAVURIS 5 HM XLFR,,16,,,,,,
4024063002364,250002266,BARUM,Reifen,16.csv,225,70,R,15C,110,,VANIS ALLSEASON 3PMSF,,16,,,,,,
4024063002371,250002258,BARUM,Reifen,16.csv,195,75,R,16C,105,,VANIS ALLSEASON 3PMSF,,16,,,,,,
4024063002395,250002257,BARUM,Reifen,16.csv,195,65,R,16C,102,,VANIS ALLSEASON 3PMSF (100T),,16,,,,,,
4024063002647,250002274,BARUM,Reifen,16.csv,225,55,R,16,,,BRAVURIS 5 HM,,16,,,,,,
4024063003095,250002308,BARUM,Reifen,16.csv,245,40,R,20,,,BRAVURIS 5 HM XLFR,,16,,,,,,
4024063003200,250002309,BARUM,Reifen,16.csv,245,45,R,20,,,BRAVURIS 5 HM XLFR,,16,,,,,,
4024063003781,250002393,BARUM,Reifen,16.csv,235,60,R,18,,,BRAVURIS 5 HM FR,,16,,,,,,
4024063006645,250002468,BARUM,Reifen,16.csv,195,65,R,15,,,POLARIS 6 XL 3PMSF,,16,,,,,,
4024063006768,250002483,BARUM,Reifen,16.csv,215,55,R,18,,,POLARIS 6 EVC XLFR 3PMSF,,16,,,,,,
4024063006775,250002486,BARUM,Reifen,16.csv,225,45,R,18,,,POLARIS 6 EVC XLFR 3PMSF,,16,,,,,,
4024063007239,250002609,BARUM,Reifen,16.csv,235,45,R,18,,,BRAVURIS 6 EVC XLFR,,16,,,,,,
4024063007260,250002618,BARUM,Reifen,16.csv,235,55,R,18,,,BRAVURIS 6 EVC FR,,16,,,,,,
4024063007406,250002620,BARUM,Reifen,16.csv,235,55,R,19,,,BRAVURIS 6 EVC XLFR,,16,,,,,,
4024063007499,250002540,BARUM,Reifen,16.csv,205,45,R,17,,,BRAVURIS 6 EVC XLFR,,16,,,,,,
4024063007536,250002592,BARUM,Reifen,16.csv,225,45,R,17,,,BRAVURIS 6 EVC FR,,16,,,,,,
4024063007567,250002587,BARUM,Reifen,16.csv,225,40,R,18,,,BRAVURIS 6 EVC XLFR,,16,,,,,,
4024063007574,250002593,BARUM,Reifen,16.csv,225,45,R,18,,,BRAVURIS 6 EVC XLFR,,16,,,,,,
4024063009004,250002547,BARUM,Reifen,16.csv,205,55,R,16,,,BRAVURIS 6 XL,,16,,,,,,
4024067003008,130003661,SEMPERIT,Reifen,16.csv,215,65,R,17,,,SPEED-GRIP 5 FR M+S,,16,,,,,,
4024067003268,130003651,SEMPERIT,Reifen,16.csv,215,55,R,16,,,SPEED-GRIP 5 M+S,,16,,,,,,
4024067003336,130003669,SEMPERIT,Reifen,16.csv,225,45,R,17,,,SPEED-GRIP 5 FR M+S,,16,,,,,,
4024067003381,130003667,SEMPERIT,Reifen,16.csv,225,40,R,18,,,SPEED-GRIP 5 XLFR M+S,,16,,,,,,
4024067004142,130003645,SEMPERIT,Reifen,16.csv,205,65,R,16C,105,,VAN-GRIP 3 3PMSF,,16,,,,,,
4024067748213,130003338,SEMPERIT,Reifen,16.csv,255,55,R,18,,,SPEED-GRIP 3 SUV XLFR,,16,,,,,,
4024068000600,30002204,UNIROYAL,Reifen,16.csv,215,55,R,16,,,ALLSEASONEXPERT 2 XL,,16,,,,,,
4024068000822,30002228,UNIROYAL,Reifen,16.csv,165,65,R,14,,,ALLSEASONEXPERT 2 3PMSF,,16,,,,,,
4024068000839,30002205,UNIROYAL,Reifen,16.csv,215,55,R,18,,,ALLSEASONEXPERT 2 XLFR,,16,,,,,,
4024068000853,30002239,UNIROYAL,Reifen,16.csv,215,60,R,16,,,ALLSEASONEXPERT 2 3PMSF XL,,16,,,,,,
4024068001355,30002257,UNIROYAL,Reifen,16.csv,215,55,R,17,,,ALLSEASONEXPERT 2 XLFR 3PMSF,,16,,,,,,
4024068002581,30002261,UNIROYAL,Reifen,16.csv,195,55,R,16,,,RAINSPORT 5,,16,,,,,,
4024068002642,30002281,UNIROYAL,Reifen,16.csv,215,55,R,17,,,RAINSPORT 5 XLFR,,16,,,,,,
4024068002918,30002267,UNIROYAL,Reifen,16.csv,205,45,R,17,,,RAINSPORT 5 XLFR,,16,,,,,,
4024068002932,30002305,UNIROYAL,Reifen,16.csv,205,55,R,17,,,RAINSPORT 5 XLFR,,16,,,,,,
4024068002963,30002275,UNIROYAL,Reifen,16.csv,215,45,R,17,,,RAINSPORT 5 XLFR,,16,,,,,,
4024068003373,30002493,UNIROYAL,Reifen,16.csv,225,60,R,18,,,WINTEREXPERT XLFR 3PMSF,,16,,,,,,
4024068004462,30002557,UNIROYAL,Reifen,16.csv,205,60,R,16,,,RAINEXPERT 5,,16,,,,,,
4024068004844,30002567,UNIROYAL,Reifen,16.csv,215,65,R,16,,,RAINEXPERT 5,,16,,,,,,
4024068004929,30002562,UNIROYAL,Reifen,16.csv,215,60,R,16,,,RAINEXPERT 5 XL,,16,,,,,,
4024068005025,30002419,UNIROYAL,Reifen,16.csv,205,60,R,16,,,ALLSEASONEXPERT 2 XL 3PMSF,,16,,,,,,
4024068005834,30002593,UNIROYAL,Reifen,16.csv,195,65,R,15,,,ALLSEASONEXPERT 2 3PMSF,,16,,,,,,
4024068006213,30002622,UNIROYAL,Reifen,16.csv,205,60,R,16,,,RAINEXPERT 5 XL,,16,,,,,,
4038526020475,50007890,GOODYEAR,Reifen,16.csv,255,35,R,20,,,EAG.F1 ASY. 5 XL*FP,,16,,,,,,
4038526021212,40002336,FULDA,Reifen,16.csv,175,65,R,15,,,KRISTALL MONTERO 2 MS XL 3PM,,16,,,,,,
4038526025623,50007683,GOODYEAR,Reifen,16.csv,195,45,R,16,,,VECTOR 4S G3 XLFP 3PMSF,,16,,,,,,
4038526026712,50007549,GOODYEAR,Reifen,16.csv,215,50,R,17,,,EFFI.GRIP PERF. 2 XL,,16,,,,,,
4038526036025,40002400,FULDA,Reifen,16.csv,225,45,R,17,,,SPORTCONTROL 2 FP,,16,,,,,,
4038526039149,50007525,GOODYEAR,Reifen,16.csv,195,60,R,16,,,EFFI.GRIP PERF. 2,,16,,,,,,
4038526040350,40002395,FULDA,Reifen,16.csv,215,60,R,17,,,KRIST.CONTR. SUV 3PMSF,,16,,,,,,
4038526040367,40002434,FULDA,Reifen,16.csv,235,65,R,17,,,KRIST.CONTR. SUV XL 3PMSF,,16,,,,,,
4038526041784,40002444,FULDA,Reifen,16.csv,205,55,R,17,,,KRIST.CONTR. HP 2 XL 3PMSF,,16,,,,,,
4038526041821,40002353,FULDA,Reifen,16.csv,215,70,R,15C,107,,CONVEO TOUR 2,,16,,,,,,
4038526042743,50007805,GOODYEAR,Reifen,16.csv,245,35,R,20,,,EAG.F1 ASY. 5 ROFXL*FP,,16,,,,,,
4038526044310,50007703,GOODYEAR,Reifen,16.csv,215,60,R,17,,,VECTOR 4S G3 XL 3PMSF,,16,,,,,,
4038526045560,50007905,GOODYEAR,Reifen,16.csv,265,40,R,20,,,EAG.F1 ASY. 3 XLFP,,16,,,,,,
4038526052070,50007795,GOODYEAR,Reifen,16.csv,245,40,R,18,,,EAG.F1 ASY. 5 XLMOFP,,16,,,,,,
4038526054579,40002463,FULDA,Reifen,16.csv,225,50,R,18,,,ECOCONTROL HP 2 XLFP,,16,,,,,,
4038526056214,40002408,FULDA,Reifen,16.csv,205,40,R,17,,,SPORTCONTROL 2 XLFP,,16,,,,,,
4038526056283,40002398,FULDA,Reifen,16.csv,225,40,R,18,,,SPORTCONTROL 2 XLFP,,16,,,,,,
4038526056337,40002435,FULDA,Reifen,16.csv,245,35,R,18,,,SPORTCONTROL 2 XLFP,,16,,,,,,
4038526056344,40002419,FULDA,Reifen,16.csv,245,35,R,19,,,SPORTCONTROL 2 XLFP,,16,,,,,,
4038526056795,40002431,FULDA,Reifen,16.csv,275,40,R,20,,,SPORTCONTROL 2 XLFP,,16,,,,,,
4038526062314,50007615,GOODYEAR,Reifen,16.csv,195,45,R,16,,,EFFI.GRIP PERF. XL,,16,,,,,,
4038526067821,50008513,GOODYEAR,Reifen,16.csv,185,60,R,15,,,ULTRA GRIP PERFORMANCE 3 XL,,16,,,,,,
4038526068156,50008523,GOODYEAR,Reifen,16.csv,195,65,R,15,,,ULTRA GRIP PERFORMANCE 3 XL,,16,,,,,,
4038526068194,50008528,GOODYEAR,Reifen,16.csv,205,50,R,17,,,ULTRA GRIP PERFORMANCE 3 XLF,,16,,,,,,
4038526068767,50008557,GOODYEAR,Reifen,16.csv,225,45,R,17,,,ULTRA GRIP PERFORMANCE 3 XLF,,16,,,,,,
4038526068835,50008565,GOODYEAR,Reifen,16.csv,225,55,R,17,,,ULTRA GRIP PERFORMANCE 3 XLF,,16,,,,,,
4038526068842,50008564,GOODYEAR,Reifen,16.csv,225,55,R,17,,,ULTRA GRIP PERFORMANCE 3 FP,,16,,,,,,
4038526072665,40002443,FULDA,Reifen,16.csv,195,55,R,16,,,KRIST.CONTR. HP 2 XL 3PMSF,,16,,,,,,
4038526072672,50008084,GOODYEAR,Reifen,16.csv,195,60,R,16C,97,,VECTOR 4S CARGO 3PMSF (97),,16,,,,,,
4038526073839,40002439,FULDA,Reifen,16.csv,185,60,R,15,,,KRIST.MONT.3 MS 3PMSF,,16,,,,,,
4038526073860,40002440,FULDA,Reifen,16.csv,185,60,R,15,,,KRIST.MONT.3 MS XL 3PMSF,,16,,,,,,
4038526073990,50008151,GOODYEAR,Reifen,16.csv,225,50,R,17,,,EAG.F1 ASY. 6 FP,,16,,,,,,
4038526074003,50008150,GOODYEAR,Reifen,16.csv,225,50,R,17,,,EAG.F1 ASY. 6 XLFP,,16,,,,,,
4038526074157,50008132,GOODYEAR,Reifen,16.csv,205,40,R,17,,,EAG.F1 ASY. 6 XLFP,,16,,,,,,
4038526074386,50008187,GOODYEAR,Reifen,16.csv,245,45,R,19,,,EAG.F1 ASY. 6 XLFP,,16,,,,,,
4038526074645,50008036,GOODYEAR,Reifen,16.csv,175,65,R,15,,,VECTOR 4S G3 XL 3PMSF,,16,,,,,,
4038526074737,50008155,GOODYEAR,Reifen,16.csv,235,35,R,19,,,EAG.F1 ASY. 6 XLFP,,16,,,,,,
4038526074843,50008174,GOODYEAR,Reifen,16.csv,245,35,R,19,,,EAG.F1 ASY. 6 XLFP,,16,,,,,,
4038526075017,50008191,GOODYEAR,Reifen,16.csv,255,40,R,19,,,EAG.F1 ASY. 6 XLFP,,16,,,,,,
4038526076342,50007856,GOODYEAR,Reifen,16.csv,225,60,R,18,,,EFFI.GRIP 2 SUV,,16,,,,,,
4038526076359,50007857,GOODYEAR,Reifen,16.csv,225,60,R,18,,,EFFI.GRIP 2 SUV XL,,16,,,,,,
4038526076410,50007868,GOODYEAR,Reifen,16.csv,235,55,R,18,,,EFFI.GRIP 2 SUV,,16,,,,,,
4038526076465,50007880,GOODYEAR,Reifen,16.csv,235,65,R,17,,,EFFI.GRIP 2 SUV,,16,,,,,,
4038526076502,50008188,GOODYEAR,Reifen,16.csv,245,65,R,17,,,EFFI.GRIP 2 SUV XL,,16,,,,,,
4038526076830,50007860,GOODYEAR,Reifen,16.csv,225,65,R,17,,,EFFI.GRIP 2 SUV XL,,16,,,,,,
4038526086006,50007835,GOODYEAR,Reifen,16.csv,215,60,R,17C,107,,EFFI.GRIP CARGO 2,,16,,,,,,
4038526086051,50007850,GOODYEAR,Reifen,16.csv,225,55,R,17C,102,,EFFI.GRIP CARGO 2,,16,,,,,,
4038526090904,50008025,GOODYEAR,Reifen,16.csv,225,40,R,18,,,EAG.F1 SUPERSPORT XLFP,,16,,,,,,
4038526091529,50008298,GOODYEAR,Reifen,16.csv,235,65,R,16C,,,VECTOR 4S CARGO MO-V 3PMSF (,,16,,,,,,
4038526099389,50008308,GOODYEAR,Reifen,16.csv,255,55,R,19,,,VECTOR 4S G3 SUV XL 3PMSF,,16,,,,,,
4038526099839,50008387,GOODYEAR,Reifen,16.csv,215,60,R,16,,,EFFI.GRIP PERF. 2 XL,,16,,,,,,
4038526100214,40002508,FULDA,Reifen,16.csv,225,45,R,18,,,MULTICONTROL XLFP 3PMSF,,16,,,,,,
4038526100221,40002511,FULDA,Reifen,16.csv,165,65,R,15,,,MULTICONTROL 3PMSF,,16,,,,,,
4038526281531,20003885,DUNLOP,Reifen,16.csv,235,50,R,19,,,SP SPORT MAXX  MO MFS,,16,,,,,,
4038526327901,50008286,GOODYEAR,Reifen,16.csv,225,40,R,19,,,EAG.F1 ASY. 6 XLFP,,16,,,,,,
4038526336002,50008093,GOODYEAR,Reifen,16.csv,225,50,R,17,,,EAG.F1 ASY. 5 MO,,16,,,,,,
4038526345547,50008374,GOODYEAR,Reifen,16.csv,185,65,R,15,,,EFFI.GRIP COMP. 2,,16,,,,,,
4038526352453,50008667,GOODYEAR,Reifen,16.csv,205,45,R,17,,,EAG.F1 ASY. 5 ROFXL*RSC,,16,,,,,,
4038526353474,50008417,GOODYEAR,Reifen,16.csv,235,50,R,19C,109,,VECTOR 4S CARGO 3PMSF,,16,,,,,,
4038526360564,50008327,GOODYEAR,Reifen,16.csv,HL255,35,R,21,,,EAG.F1 ASY. 5 XL,,16,,,,,,
4038526388902,21000941,DUNLOP,Reifen,16.csv,195,60,R,16C,97,,ECONODRIVE AS 3PMSF,,16,,,,,,
4038526395252,50008659,GOODYEAR,Reifen,16.csv,275,30,R,20,,,VECTOR 4SEASONS G3 XLFP 3PMS,,16,,,,,,
4038526406347,50008611,GOODYEAR,Reifen,16.csv,215,55,R,17,,,EFFICIENTGRIP PERFORMANCE 2,,16,,,,,,
4038526406354,50008613,GOODYEAR,Reifen,16.csv,215,60,R,16,,,ULTRA GRIP PERFORMANCE 3 (+),,16,,,,,,
4038526409003,21001004,DUNLOP,Reifen,16.csv,215,65,R,17,,,SPORT RESPONSE,,16,,,,,,
4038526409096,21001027,DUNLOP,Reifen,16.csv,235,60,R,18,,,SPORT RESPONSE XL,,16,,,,,,
4038526419750,50008670,GOODYEAR,Reifen,16.csv,175,65,R,14,,,VECTOR 4SEASONS G3 XL 3PMSF,,16,,,,,,
4038526420602,21000985,DUNLOP,Reifen,16.csv,205,45,R,17,,,ALL SEASON 2 XLMFS 3PMSF,,16,,,,,,
4038526421791,21001066,DUNLOP,Reifen,16.csv,235,55,R,19,,,ALL SEASON 2 XL 3PMSF,,16,,,,,,
4038526431868,50008742,GOODYEAR,Reifen,16.csv,245,45,R,19,,,EFFICIENTGRIP PERFORMANCE SU,,16,,,,,,
4038526437303,50008698,GOODYEAR,Reifen,16.csv,215,70,R,15C,107,,ULTRA GRIP CARGO 3PMSF,,16,,,,,,
4038526478443,21001080,DUNLOP,Reifen,16.csv,215,45,R,16,,,SP MAXX MFS,,16,,,,,,
4038526478474,50009078,GOODYEAR,Reifen,16.csv,LT265,65,R,17,117,,WRANGLER DURATRAC RT POR EVR,,16,,,,,,
4250427411408,290000219,FALKEN,Reifen,16.csv,225,55,R,17,,,ZE914A EC ECORUN,,16,,,,,,
4250427412290,290000131,FALKEN,Reifen,16.csv,195,65,R,16C,102,,VAN01,,16,,,,,,
4250427417578,290000465,FALKEN,Reifen,16.csv,215,55,R,16,,,ZIEX ZE-310 EC XL,,16,,,,,,
4250427417707,290000624,FALKEN,Reifen,16.csv,185,50,R,16,,,ZIEX ZE-310 EC MFS,,16,,,,,,
4250427417745,290000645,FALKEN,Reifen,16.csv,205,50,R,17,,,ZIEX ZE-310 EC XLMFS,,16,,,,,,
4250427417950,290000632,FALKEN,Reifen,16.csv,195,40,R,17,,,ZIEX ZE-310 EC XLMFS,,16,,,,,,
4250427418056,290000529,FALKEN,Reifen,16.csv,195,75,R,16C,108,,EUROALLSEASON VAN 11,,16,,,,,,
4250427423753,290000975,FALKEN,Reifen,16.csv,175,70,R,14C,93,,VAN01 3PMSF,,16,,,,,,
4250427424019,290000852,FALKEN,Reifen,16.csv,165,65,R,15,,,SINCERA SN-110 EC,,16,,,,,,
4250427424125,290000856,FALKEN,Reifen,16.csv,175,55,R,15,,,SINCERA SN-110 EC,,16,,,,,,
4250427424149,290000862,FALKEN,Reifen,16.csv,175,65,R,15,,,SINCERA SN-110 EC,,16,,,,,,
4250427424309,290000892,FALKEN,Reifen,16.csv,195,55,R,16,,,SINCERA SN-110 EC XL,,16,,,,,,
4250427424606,290001073,FALKEN,Reifen,16.csv,215,70,R,15C,107,,EUROALLSEASON VAN 11 3PMSF,,16,,,,,,
4250427424699,290000891,FALKEN,Reifen,16.csv,195,55,R,15,,,ZIEX ZE-310 EC,,16,,,,,,
4250427429113,290001247,FALKEN,Reifen,16.csv,235,45,R,18,,,AZENIS FK-520 XLMFS,,16,,,,,,
4250427429144,290001272,FALKEN,Reifen,16.csv,245,40,R,18,,,AZENIS FK-520 XLMFS,,16,,,,,,
4250427429175,290001242,FALKEN,Reifen,16.csv,235,40,R,18,,,AZENIS FK-520 XLMFS,,16,,,,,,
4250427429199,290001281,FALKEN,Reifen,16.csv,245,45,R,19,,Z,AZENIS FK-520 XLMFS,,16,,,,,,
4250427429205,290001245,FALKEN,Reifen,16.csv,235,45,R,17,,,AZENIS FK-520 XLMFS,,16,,,,,,
4250427429229,290001296,FALKEN,Reifen,16.csv,255,45,R,18,,,AZENIS FK-520 XLMFS,,16,,,,,,
4250427429304,290001294,FALKEN,Reifen,16.csv,255,40,R,19,,Z,AZENIS FK-520 XLMFS,,16,,,,,,
4250427429311,290001274,FALKEN,Reifen,16.csv,245,40,R,19,,Z,AZENIS FK-520 XLMFS,,16,,,,,,
4250427429328,290001269,FALKEN,Reifen,16.csv,245,35,R,20,,Z,AZENIS FK-520 XLMFS,,16,,,,,,
4250427429373,290001275,FALKEN,Reifen,16.csv,245,40,R,20,,Z,AZENIS FK-520 XLMFS,,16,,,,,,
4250427429434,290001270,FALKEN,Reifen,16.csv,245,40,R,17,,,AZENIS FK-520 XLMFS,,16,,,,,,
4250427429458,290001295,FALKEN,Reifen,16.csv,255,40,R,20,,Z,AZENIS FK-520 XLMFS,,16,,,,,,
4250427429489,290001297,FALKEN,Reifen,16.csv,255,45,R,19,,Z,AZENIS FK-520 XLMFS,,16,,,,,,
4250427429571,290001204,FALKEN,Reifen,16.csv,215,55,R,18,,,AZENIS FK-520 XL,,16,,,,,,
4250427429649,290001257,FALKEN,Reifen,16.csv,235,55,R,19,,,AZENIS FK-520 XL,,16,,,,,,
4250427429670,290001298,FALKEN,Reifen,16.csv,255,45,R,20,,,AZENIS FK-520 XLMFS,,16,,,,,,
4250427429717,290001331,FALKEN,Reifen,16.csv,295,35,R,21,,,AZENIS FK-520 XLMFS,,16,,,,,,
4250427429786,290001327,FALKEN,Reifen,16.csv,285,40,R,21,,,AZENIS FK-520 XLMFS,,16,,,,,,
4250427429854,290001196,FALKEN,Reifen,16.csv,215,40,R,17,,,AZENIS FK-520 XLMFS,,16,,,,,,
4250427430164,290001188,FALKEN,Reifen,16.csv,205,60,R,16,,,SINCERA SN-110,,16,,,,,,
4250427430300,290001181,FALKEN,Reifen,16.csv,205,40,R,17,,,ZIEX ZE-310 EC XLMFS,,16,,,,,,
4250427430324,290001239,FALKEN,Reifen,16.csv,225,65,R,17,,,ZIEX ZE-310 EC,,16,,,,,,
4250427430614,290001379,FALKEN,Reifen,16.csv,215,65,R,16,,,HS02 3PMSF,,16,,,,,,
4250427430805,290001372,FALKEN,Reifen,16.csv,205,60,R,16,,,HS02 3PMSF,,16,,,,,,
4250427431437,290001567,FALKEN,Reifen,16.csv,175,70,R,14,,,EUROWINTER HS02 BLK 3PMSF,,16,,,,,,
4250427431604,290001576,FALKEN,Reifen,16.csv,215,50,R,17,,,EUROWINTER HS02 XLBLKMFS 3PM,,16,,,,,,
4250427431628,290001797,FALKEN,Reifen,16.csv,215,55,R,18,,,EUROWINTER HS02 XLBLK 3PMSF,,16,,,,,,
4250427431659,290001791,FALKEN,Reifen,16.csv,205,65,R,16,,,EUROWINTER HS02 BLK 3PMSF,,16,,,,,,
4250427431840,290001596,FALKEN,Reifen,16.csv,235,50,R,18,,,EUROWINTER HS02 PRO XLNBLMFS,,16,,,,,,
4250427432588,290001455,FALKEN,Reifen,16.csv,225,60,R,17,,,ZIEX ZE-310 EC,,16,,,,,,
4250427434056,290001598,FALKEN,Reifen,16.csv,235,50,R,19,,,EUROALLSEASON AS-220 PRO XLM,,16,,,,,,
4250427434674,290001834,FALKEN,Reifen,16.csv,205,55,R,16,,,ZIEX ZE-310 EC AOBLK,,16,,,,,,
4250427436944,290001852,FALKEN,Reifen,16.csv,215,65,R,17,,,EUROALLSEASON AS-220 (+)BLK,,16,,,,,,
4250427437057,290001784,FALKEN,Reifen,16.csv,205,55,R,16,,,ZIEX ZE-320,,16,,,,,,
4250427437200,290001804,FALKEN,Reifen,16.csv,225,45,R,18,,,ZIEX ZE-320 XLMFS,,16,,,,,,
4250427437330,290001824,FALKEN,Reifen,16.csv,185,50,R,16,,,ZIEX ZE-320 XLBLK,,16,,,,,,
4250427437484,290001832,FALKEN,Reifen,16.csv,205,50,R,17,,,ZIEX ZE-320 XLBLK,,16,,,,,,
4250427437514,290001843,FALKEN,Reifen,16.csv,215,40,R,18,,,ZIEX ZE-320 XLBLKMFS,,16,,,,,,
4250427437668,290001869,FALKEN,Reifen,16.csv,225,60,R,18,,,ZIEX ZE-320 BLK,,16,,,,,,
4548515007672,160003387,YOKOHAMA,Reifen,16.csv,215,60,R,17C,107,,BLUEARTH-VAN ALL SEASON RY61,,16,,,,,,
4548515028073,160003588,YOKOHAMA,Reifen,16.csv,205,45,R,17,,,BLUEARTH-4S AW21 XL 3PMSF,,16,,,,,,
4548515300001,160004114,YOKOHAMA,Reifen,16.csv,225,50,R,18,,,BLUEARTH-4S AW21 XLRPB 3PMSF,,16,,,,,,
4717784238357,190000757,MAXXIS,Reifen,16.csv,145,,R,10C,82,,CR-966 TRAILERMAXX,,16,,,,,,
4717784243535,190001232,MAXXIS,Reifen,16.csv,185,,R,14C,102,,CR-967 TRAILERMAXX,,16,,,,,,
4717784278285,190000554,MAXXIS,Reifen,16.csv,175,55,R,15,,,WP-05 ARCTICTREKKER,,16,,,,,,
4717784278315,190000614,MAXXIS,Reifen,16.csv,165,80,R,13,,,WP-05 XL ARCTICTREKKER,,16,,,,,,
4717784278384,190000545,MAXXIS,Reifen,16.csv,135,70,R,15,,,WP-05 ARCTICTREKKER  M+S,,16,,,,,,
4717784278414,190000920,MAXXIS,Reifen,16.csv,165,60,R,14,,,WP-05 ARCTICTREKKER XL 3PMSF,,16,,,,,,
4717784294452,190000430,MAXXIS,Reifen,16.csv,195,55,R,10C,96,,CR-966N TRAILERMAXX M+S,,16,,,,,,
4717784300375,190000579,MAXXIS,Reifen,16.csv,185,60,R,14,,,AP2 GANZJAHR,,16,,,,,,
4717784312613,190000580,MAXXIS,Reifen,16.csv,135,80,R,15,,,AP2 GANZJAHR,,16,,,,,,
4717784313863,190001269,MAXXIS,Reifen,16.csv,185,65,R,14C,91,,CR-965 TRAILERMAXX M+S,,16,,,,,,
4717784315157,190001280,MAXXIS,Reifen,16.csv,195,65,R,15,,,PREMITRA SNOW WP6 3PMSF,,16,,,,,,
4717784315164,190001219,MAXXIS,Reifen,16.csv,195,65,R,15,,,WP-06 PREMITRA SNOW,,16,,,,,,
4717784317632,190000653,MAXXIS,Reifen,16.csv,195,50,R,15,,,PREMITRA 5 XL,,16,,,,,,
4717784317700,190000658,MAXXIS,Reifen,16.csv,205,55,R,16,,Z,PREMITRA 5 XL,,16,,,,,,
4717784317731,190000656,MAXXIS,Reifen,16.csv,215,60,R,16,,Z,PREMITRA 5 XL,,16,,,,,,
4717784326054,190000712,MAXXIS,Reifen,16.csv,255,65,R,17,,,MA-SAS GANZJAHR XL,,16,,,,,,
4717784330051,190001021,MAXXIS,Reifen,16.csv,205,45,R,16,,,WP-05 XLFSL 3PMSF,,16,,,,,,
4717784332208,190000853,MAXXIS,Reifen,16.csv,225,50,R,16,,Z,PREMITRA 5,,16,,,,,,
4717784332314,190001101,MAXXIS,Reifen,16.csv,225,60,R,17,,,PREMITRA 5,,16,,,,,,
4717784332413,190000744,MAXXIS,Reifen,16.csv,215,40,R,17,,Z,PREMITRA 5 XL,,16,,,,,,
4717784338170,190000811,MAXXIS,Reifen,16.csv,205,75,R,16C,111,,VANSMART A/S AL2,,16,,,,,,
4717784338545,190000810,MAXXIS,Reifen,16.csv,195,,R,14C,104,,VANSMART A/S AL2,,16,,,,,,
4717784338576,190000871,MAXXIS,Reifen,16.csv,205,60,R,16C,98,,VANSMART A/S AL2,,16,,,,,,
4717784338606,190000790,MAXXIS,Reifen,16.csv,165,70,R,14C,87,,VANSMART A/S AL2,,16,,,,,,
4717784338880,190000977,MAXXIS,Reifen,16.csv,185,65,R,15,,,MECOTRA 3,,16,,,,,,
4717784339054,190000800,MAXXIS,Reifen,16.csv,205,55,R,15,,,MECOTRA 3,,16,,,,,,
4717784339108,190000799,MAXXIS,Reifen,16.csv,165,65,R,15,,,MECOTRA 3,,16,,,,,,
4717784341316,190000788,MAXXIS,Reifen,16.csv,185,,R,14C,100,,VANSMART A/S AL2,,16,,,,,,
4717784343068,190000808,MAXXIS,Reifen,16.csv,225,55,R,17C,107,,VANSMART MCV3+,,16,,,,,,
4717784344935,190000854,MAXXIS,Reifen,16.csv,225,45,R,17,,Z,VICTRA SPORT 5 XL,,16,,,,,,
4717784347547,190001147,MAXXIS,Reifen,16.csv,245,45,R,20,,Z,VICTRA SPORT 5 SUV XL,,16,,,,,,
4717784348148,190001218,MAXXIS,Reifen,16.csv,185,65,R,15,,,WP-06 PREMITRA SNOW,,16,,,,,,
4717784348162,190001220,MAXXIS,Reifen,16.csv,205,55,R,16,,,WP-06 PREMITRA SNOW,,16,,,,,,
4717784348261,190001222,MAXXIS,Reifen,16.csv,205,60,R,16,,,WP-06 XL PREMITRA SNOW,,16,,,,,,
4717784349190,190001216,MAXXIS,Reifen,16.csv,225,45,R,17,,,PREMITRA ALL SEASON AP3 XL,,16,,,,,,
4717784349725,190001275,MAXXIS,Reifen,16.csv,195,55,R,15,,,PREMITRA ALL SEASON AP3 XLFS,,16,,,,,,
4717784349732,190001277,MAXXIS,Reifen,16.csv,195,55,R,16,,,AP3 XL GANZJAHR,,16,,,,,,
4717784349770,190001254,MAXXIS,Reifen,16.csv,205,45,R,17,,,PREMITRA ALL SEASON AP3 XL,,16,,,,,,
4717784349787,190001305,MAXXIS,Reifen,16.csv,225,55,R,17,,,AP3 XL GANZJAHR,,16,,,,,,
4717784349893,190001268,MAXXIS,Reifen,16.csv,185,60,R,15,,,PREMITRA ALL SEASON AP3 XL 3,,16,,,,,,
4717784349923,190001261,MAXXIS,Reifen,16.csv,175,65,R,15,,,AP3 XL GANZJAHR,,16,,,,,,
4717784349930,190001286,MAXXIS,Reifen,16.csv,205,65,R,15,,,AP3 GANZJAHR XL,,16,,,,,,
4717784349954,190001236,MAXXIS,Reifen,16.csv,215,55,R,18,,,PREMITRA ALL SEASON AP3 XL,,16,,,,,,
4717784349985,190001235,MAXXIS,Reifen,16.csv,215,55,R,17,,,AP3 XL GANZJAHR,,16,,,,,,
4717784350103,190001574,MAXXIS,Reifen,16.csv,245,35,R,19,,,"PREMITRA ALL SEASON, AP3 XLN",,16,,,,,,
4717784350158,190001554,MAXXIS,Reifen,16.csv,235,45,R,18,,,"PREMITRA ALL SEASON, AP3 XLN",,16,,,,,,
4717784350417,190001325,MAXXIS,Reifen,16.csv,265,45,R,20,,,PREMITRA ALL SEASON AP3 SUV,,16,,,,,,
4717784350462,190001311,MAXXIS,Reifen,16.csv,235,55,R,17,,,PREMITRA ALL SEASON AP3 SUV,,16,,,,,,
4717784353401,190001576,MAXXIS,Reifen,16.csv,225,50,R,16,,,PREMITRA ALL SEASON AP3 XL,,16,,,,,,
4717784357140,190001609,MAXXIS,Reifen,16.csv,255,35,R,19,,,PREMITRA SNOW WP6 XLFSL 3PMS,,16,,,,,,
4717784357584,190001611,MAXXIS,Reifen,16.csv,225,35,R,18,,,PREMITRA ALL SEASON AP3 XLFS,,16,,,,,,
4717784357638,190001649,MAXXIS,Reifen,16.csv,235,40,R,19,,,PREMITRA SNOW WP6 XLFSL 3PMS,,16,,,,,,
4717784357645,190001670,MAXXIS,Reifen,16.csv,255,40,R,19,,,PREMITRA SNOW WP6 XLFSL 3PMS,,16,,,,,,
4717784358239,190001632,MAXXIS,Reifen,16.csv,215,60,R,17,,,PREMITRA SNOW WP6 SUV XL 3PM,,16,,,,,,
4717784358277,190001643,MAXXIS,Reifen,16.csv,225,50,R,18,,,PREMITRA SNOW WP6 SUV FSL 3P,,16,,,,,,
4717784358376,190001631,MAXXIS,Reifen,16.csv,215,65,R,17,,,PREMITRA SNOW WP6 SUV XLFSL,,16,,,,,,
4717784358970,190001678,MAXXIS,Reifen,16.csv,175,80,R,14,,,AP2 ALL SEASON 3PMSF,,16,,,,,,
4717784359052,190000676,MAXXIS,Reifen,16.csv,205,60,R,15,,,AP2 XL GANZJAHR,,16,,,,,,
4717784359151,190001650,MAXXIS,Reifen,16.csv,235,50,R,19,,,PREMITRA SNOW WP6 SUV XLFSL,,16,,,,,,
4717784364056,190001298,MAXXIS,Reifen,16.csv,215,65,R,16,,,PREMITRA SNOW WP6 3PMSF,,16,,,,,,
4717784366500,190001734,MAXXIS,Reifen,16.csv,255,45,R,19,,,VICTRA SPORT 6 XLFSL,,16,,,,,,
4717784367385,190001741,MAXXIS,Reifen,16.csv,235,35,R,19,,,VICTRA SPORT 6 XLFSL,,16,,,,,,
4717784367538,190001746,MAXXIS,Reifen,16.csv,195,55,R,16,,,PREMITRA HP6 XL,,16,,,,,,
4717784367606,190001752,MAXXIS,Reifen,16.csv,205,60,R,16,,,PREMITRA HP6 XL,,16,,,,,,
4717784367637,190001755,MAXXIS,Reifen,16.csv,225,50,R,17,,,PREMITRA HP6 XL,,16,,,,,,
4968814958824,160002813,YOKOHAMA,Reifen,16.csv,175,65,R,14,,,BLUEARTH-4S AW21 M+S,,16,,,,,,
4968814958930,160002832,YOKOHAMA,Reifen,16.csv,215,60,R,17,,,BLUEARTH-4S AW21 XL M+S,,16,,,,,,
4968814984526,160003121,YOKOHAMA,Reifen,16.csv,235,55,R,18,,,BLUEARTH-4S AW21 3PMSF,,16,,,,,,
4968814984533,160003092,YOKOHAMA,Reifen,16.csv,205,50,R,17,,,BLUEARTH-4S AW21 XLRPB 3PMSF,,16,,,,,,
4968814995959,160003418,YOKOHAMA,Reifen,16.csv,235,55,R,18,,,GEOL. A/T (G015) XLRPB 3PMSF,,16,,,,,,
4981910563167,120004278,TOYO,Reifen,16.csv,205,55,R,16,,,CELSIUS AS2 3PMSF,,16,,,,,,
5452000360588,40001637,FULDA,Reifen,16.csv,185,60,R,14,,,ECOCONTROL,,16,,,,,,
5452000366382,40002073,FULDA,Reifen,16.csv,185,60,R,14,,,KRISTALL MONTERO 3,,16,,,,,,
5452000366467,40002074,FULDA,Reifen,16.csv,185,55,R,15,,,KRISTALL MONTERO 3,,16,,,,,,
5452000429773,20005003,DUNLOP,Reifen,16.csv,225,45,R,17,,,SPORT BLURESPONSE XL,,16,,,,,,
5452000448125,40002076,FULDA,Reifen,16.csv,195,65,R,15,,,KRISTALL MONTERO 3,,16,,,,,,
5452000448644,40001997,FULDA,Reifen,16.csv,185,65,R,14,,,KRISTALL MONTERO 3,,16,,,,,,
5452000470010,40002150,FULDA,Reifen,16.csv,215,55,R,16,,,KRIST.CONTR. HP 2 XL,,16,,,,,,
5452000470058,40002138,FULDA,Reifen,16.csv,205,55,R,16,,,KRIST.CONTR. HP 2,,16,,,,,,
5452000471093,21000505,DUNLOP,Reifen,16.csv,255,55,R,18,,,SP.MAXX RT2 SUV XLMFS,,16,,,,,,
5452000471635,21000475,DUNLOP,Reifen,16.csv,235,50,R,18,,,SP.MAXX RT2 SUV MFS,,16,,,,,,
5452000472229,20005245,DUNLOP,Reifen,16.csv,185,60,R,14,,,WINTER RESPONSE 2,,16,,,,,,
5452000485717,40002086,FULDA,Reifen,16.csv,155,70,R,13,,,ECOCONTROL,,16,,,,,,
5452000486448,21000347,DUNLOP,Reifen,16.csv,235,60,R,18,,,WIN.SPORT 5 SUV XL,,16,,,,,,
5452000486523,21000357,DUNLOP,Reifen,16.csv,225,65,R,17,,,WIN.SPORT 5 SUV,,16,,,,,,
5452000487841,40002162,FULDA,Reifen,16.csv,225,50,R,17,,,KRIST.CONTR. HP 2 XLFP,,16,,,,,,
5452000487858,40002161,FULDA,Reifen,16.csv,225,45,R,18,,,KRIST.CONTR. HP 2 XLFP,,16,,,,,,
5452000487872,40002155,FULDA,Reifen,16.csv,215,65,R,16,,,KRIST.CONTR. HP 2,,16,,,,,,
5452000487919,40002152,FULDA,Reifen,16.csv,215,55,R,17,,,KRIST.CONTR. HP 2 XLFP,,16,,,,,,
5452000488411,21000253,DUNLOP,Reifen,16.csv,225,55,R,17,,,WISPO 4D * MOE ROF,,16,,,,,,
5452000488671,40002129,FULDA,Reifen,16.csv,195,55,R,15,,,KRIST.CONTR. HP 2,,16,,,,,,
5452000496409,20005305,DUNLOP,Reifen,16.csv,215,55,R,17,,Z,SP.MAXX RT 2 MF,,16,,,,,,
5452000496966,20005326,DUNLOP,Reifen,16.csv,225,55,R,17,,Z,SP.MAXX RT 2 MF,,16,,,,,,
5452000533852,20005179,DUNLOP,Reifen,16.csv,185,60,R,15,,,SPORT BLURESPONSE,,16,,,,,,
5452000578457,50006352,GOODYEAR,Reifen,16.csv,215,55,R,17,,,VECTOR 4SEASONS G2 AO,,16,,,,,,
5452000582713,21000229,DUNLOP,Reifen,16.csv,185,65,R,15,,,WINTER RESPONSE 2 MS,,16,,,,,,
5452000583871,50006649,GOODYEAR,Reifen,16.csv,185,65,R,15,,,VECTOR 4S G2 3PMSF,,16,,,,,,
5452000586933,40002184,FULDA,Reifen,16.csv,185,65,R,15,,,MULTICONTROL,,16,,,,,,
5452000655561,50005515,GOODYEAR,Reifen,16.csv,185,60,R,15,,,EFFI.GRIP PERFORM.,,16,,,,,,
5452000681041,50007023,GOODYEAR,Reifen,16.csv,215,65,R,15C,102,,VECTOR 4S CARGO 3PMSF,,16,,,,,,
5452000681621,50007544,GOODYEAR,Reifen,16.csv,205,60,R,16,,,EFFI.GRIP PERF. 2,,16,,,,,,
5452000682208,50007532,GOODYEAR,Reifen,16.csv,205,50,R,17,,,EFFI.GRIP PERF. 2 XL,,16,,,,,,
5452000682284,40002371,FULDA,Reifen,16.csv,195,55,R,16,,,ECOCONTROL HP 2,,16,,,,,,
5452000682338,50007540,GOODYEAR,Reifen,16.csv,205,55,R,17,,,EFFI.GRIP PERF. 2 XL,,16,,,,,,
5452000682642,50007565,GOODYEAR,Reifen,16.csv,225,50,R,17,,,EFFI.GRIP PERF. 2 FP,,16,,,,,,
5452000710970,50006912,GOODYEAR,Reifen,16.csv,295,40,R,20,,,EAG.F1 ASY. 3 SUV N0FP,,16,,,,,,
5452000718563,50006960,GOODYEAR,Reifen,16.csv,245,35,R,20,,Z,EAG.F1 ASY. 3 XLNA0FP,,16,,,,,,
5452000724045,50006951,GOODYEAR,Reifen,16.csv,225,50,R,17,,,UG PERF. G1 ROFXL*RSC 3PMSF,,16,,,,,,
5452000724700,50006765,GOODYEAR,Reifen,16.csv,245,45,R,18,,,EFFI.GRIP XLAOY,,16,,,,,,
5452000725318,50006962,GOODYEAR,Reifen,16.csv,245,45,R,20,,,EAG.F1 ASY. 3 SUV XLFP,,16,,,,,,
5452000725752,21000463,DUNLOP,Reifen,16.csv,215,55,R,18,,,SP.MAXX RT2 SUV XLFP,,16,,,,,,
5452000726513,50007701,GOODYEAR,Reifen,16.csv,215,60,R,16,,,VECTOR 4S G3 XL 3PMSF,,16,,,,,,
5452000726940,50007708,GOODYEAR,Reifen,16.csv,215,65,R,16,,,VECTOR 4S G3 SUV XL 3PMSF,,16,,,,,,
5452000730930,40002289,FULDA,Reifen,16.csv,225,50,R,17,,,MULTICONTROL 3PMSF XLFP M+S,,16,,,,,,
5452000738226,21000452,DUNLOP,Reifen,16.csv,195,55,R,16,,,SPORT BLU RESPONSE XL,,16,,,,,,
5452000738356,50006666,GOODYEAR,Reifen,16.csv,195,50,R,15,,,EFFI.GRIP PERF. FP,,16,,,,,,
5452000744333,21000561,DUNLOP,Reifen,16.csv,245,45,R,18,,,SP.MAXX RT 2 XL* MOMFS,,16,,,,,,
5452000747655,40002393,FULDA,Reifen,16.csv,215,60,R,16,,,ECOCONTROL HP 2 XL,,16,,,,,,
5452000802354,50006987,GOODYEAR,Reifen,16.csv,165,65,R,15,,,VECTOR 4S G2 3PMSF,,16,,,,,,
5452000803788,50006842,GOODYEAR,Reifen,16.csv,215,70,R,16,,,VECTOR 4S SUV 3PMSF FP M+S,,16,,,,,,
5452000804273,50007385,GOODYEAR,Reifen,16.csv,215,45,R,18,,,EAG.F1 ASY. 3 FP,,16,,,,,,
5452000813992,50006953,GOODYEAR,Reifen,16.csv,225,50,R,18,,,EAG.F1 ASY. 3 ROF*RSCFP,,16,,,,,,
5452000815194,50007256,GOODYEAR,Reifen,16.csv,165,70,R,14,,,UG 9+ MS 3PMSF,,16,,,,,,
5452000818515,21000601,DUNLOP,Reifen,16.csv,265,35,R,20,,,SP SP.MAXX GT XLAOMFS,,16,,,,,,
5452000829726,50007281,GOODYEAR,Reifen,16.csv,195,55,R,20,,,UG PERF. + XL 3PMSF,,16,,,,,,
5452000830319,50007483,GOODYEAR,Reifen,16.csv,225,45,R,18,,,UG PERF. + ROFXLFP 3PMSF,,16,,,,,,
5452000832290,21000701,DUNLOP,Reifen,16.csv,205,55,R,16,,,WIN.SPORT 5 3PMSF,,16,,,,,,
5452000832726,21000745,DUNLOP,Reifen,16.csv,195,55,R,16,,,WIN.SPORT 5 XL 3PMSF,,16,,,,,,
5452000832894,21000776,DUNLOP,Reifen,16.csv,215,50,R,17,,,WIN.SPORT 5 MFS 3PMSF,,16,,,,,,
5452000832900,21000727,DUNLOP,Reifen,16.csv,215,50,R,17,,,WIN.SPORT 5 XLMFS 3PMSF,,16,,,,,,
5452000832931,21000654,DUNLOP,Reifen,16.csv,215,55,R,17,,,WIN.SPORT 5 XLMFS 3PMSF,,16,,,,,,
5452000832955,21000655,DUNLOP,Reifen,16.csv,215,60,R,16,,,WIN.SPORT 5 XL 3PMSF,,16,,,,,,
5452000833020,21000657,DUNLOP,Reifen,16.csv,225,45,R,17,,,WIN.SPORT 5 XLMFS 3PMSF,,16,,,,,,
5452000833099,21000683,DUNLOP,Reifen,16.csv,225,55,R,16,,,WIN.SPORT 5 MFS 3PMSF,,16,,,,,,
5452000833174,21000687,DUNLOP,Reifen,16.csv,235,55,R,17,,,WIN.SPORT 5 3PMSF,,16,,,,,,
5452000833235,21000737,DUNLOP,Reifen,16.csv,255,40,R,19,,,WIN.SPORT 5 XLMFS 3PMSF,,16,,,,,,
5452000836113,50007217,GOODYEAR,Reifen,16.csv,255,50,R,20,,,EAG.F1 ASY. SUV AT J LRFP M+,,16,,,,,,
6419440165455,170001457,NOKIAN,Reifen,16.csv,155,65,R,14,,,ILINE,,16,,,,,,
6419440409023,170001997,NOKIAN,Reifen,16.csv,245,45,R,18,,,WR SNOWPROOF P XL 3PMSF,,16,,,,,,
6419440576985,170002997,NOKIAN,Reifen,16.csv,205,55,R,16,,,SEASONPROOF 1 BSW 3PMSF,,16,,,,,,
6419440594309,170002986,NOKIAN,Reifen,16.csv,185,65,R,15,,,SEASONPROOF 1 XLBSW 3PMSF,,16,,,,,,
6419440594378,170002987,NOKIAN,Reifen,16.csv,195,50,R,15,,,SEASONPROOF 1 BSW 3PMSF,,16,,,,,,
6419440594446,170002998,NOKIAN,Reifen,16.csv,205,55,R,16,,,SEASONPROOF 1 BSW 3PMSF,,16,,,,,,
6419440594620,170003011,NOKIAN,Reifen,16.csv,215,65,R,16,,,SEASONPROOF 1 XLBSW 3PMSF,,16,,,,,,
6419440594699,170003016,NOKIAN,Reifen,16.csv,225,45,R,17,,,SEASONPROOF 1 XLBSWMFS 3PMSF,,16,,,,,,
6419440594804,170003035,NOKIAN,Reifen,16.csv,235,65,R,17,,,SEASONPROOF 1 XLBSW 3PMSF,,16,,,,,,
6419440636665,170003149,NOKIAN,Reifen,16.csv,175,65,R,14,,,SEASONPROOF 1 XLBSW 3PMSF,,16,,,,,,
6933882542082,190001227,MAXXIS,Reifen,16.csv,185,65,R,14C,91,,CST CL31N TRAILERMAXX ECO,,16,,,,,,
6933882554313,190001577,MAXXIS,Reifen,16.csv,195,70,R,14C,,,CST CL31N TRAILERMAXX ECO,,16,,,,,,
8019227224603,90007196,PIRELLI,Reifen,16.csv,195,55,R,16,,,CINTURATO P1 R/F*,,16,,,,,,
8019227263176,90008644,PIRELLI,Reifen,16.csv,235,65,R,17,,,SCORP.WI MO,,16,,,,,,
8019227289633,90009307,PIRELLI,Reifen,16.csv,275,35,R,19,,,SOTTOZ. 3 R-FXL* MOE,,16,,,,,,
8019227356007,90010056,PIRELLI,Reifen,16.csv,225,45,R,18,,,CINTURATO P7 (P7C2) R-FXLMOE,,16,,,,,,
8019227399202,90010711,PIRELLI,Reifen,16.csv,245,45,R,19,,,SCORPION ALL TERRAIN PLUS XL,,16,,,,,,
8019227401141,90010565,PIRELLI,Reifen,16.csv,235,50,R,20,,,SCORPION AS SF2 S-I ELT XLFS,,16,,,,,,
8714692277788,100003020,VREDESTEIN,Reifen,16.csv,155,65,R,14,,,T-TRAC 2,,16,,,,,,
8714692277818,100003021,VREDESTEIN,Reifen,16.csv,175,65,R,14,,,T-TRAC 2,,16,,,,,,
8714692290640,100003078,VREDESTEIN,Reifen,16.csv,175,70,R,14,,,T-TRAC 2,,16,,,,,,
8714692315664,100003349,VREDESTEIN,Reifen,16.csv,155,80,R,13,,,QUATRAC 5,,16,,,,,,
8714692315671,100003350,VREDESTEIN,Reifen,16.csv,155,65,R,14,,,QUATRAC 5,,16,,,,,,
8714692315688,100003351,VREDESTEIN,Reifen,16.csv,155,70,R,13,,,QUATRAC 5,,16,,,,,,
8714692315985,100003356,VREDESTEIN,Reifen,16.csv,175,70,R,14,,,QUATRAC 5,,16,,,,,,
8714692316548,100003384,VREDESTEIN,Reifen,16.csv,185,70,R,14,,,QUATRAC 5,,16,,,,,,
8714692328206,100003499,VREDESTEIN,Reifen,16.csv,225,45,R,18,,Z,ULTRAC SATIN XL,,16,,,,,,
8714692338359,100003705,VREDESTEIN,Reifen,16.csv,185,65,R,15,,,QUATRAC 5 3PMSF,,16,,,,,,
8714692345463,100003817,VREDESTEIN,Reifen,16.csv,195,55,R,16,,,QUATRAC 5 XLAO 3PMSF,,16,,,,,,
8714692358142,100004017,VREDESTEIN,Reifen,16.csv,185,65,R,15,,,QUATRAC 3PMSF,,16,,,,,,
8714692358159,100004015,VREDESTEIN,Reifen,16.csv,185,65,R,15,,,QUATRAC 3PMSF,,16,,,,,,
8714692358241,100004012,VREDESTEIN,Reifen,16.csv,185,55,R,15,,,QUATRAC 3PMSF,,16,,,,,,
8714692358289,100004018,VREDESTEIN,Reifen,16.csv,195,45,R,16,,,QUATRAC XLFSL 3PMSF,,16,,,,,,
8714692358302,100004042,VREDESTEIN,Reifen,16.csv,215,65,R,16,,,QUATRAC XL 3PMSF,,16,,,,,,
8714692358364,100004040,VREDESTEIN,Reifen,16.csv,215,60,R,16,,,QUATRAC XL 3PMSF,,16,,,,,,
8714692361388,100003914,VREDESTEIN,Reifen,16.csv,195,65,R,15,,,WINTRAC XL 3PMSF,,16,,,,,,
8714692361562,100003980,VREDESTEIN,Reifen,16.csv,235,65,R,16C,113,,COMTRAC 2 ALL SEASON 3PMSF,,16,,,,,,
8714692361630,100003919,VREDESTEIN,Reifen,16.csv,195,75,R,16C,105,,COMTRAC 2 ALL SEASON 3PMSF,,16,,,,,,
8714692361678,100003934,VREDESTEIN,Reifen,16.csv,205,70,R,15C,104,,COMTRAC 2 ALL SEASON 3PMSF,,16,,,,,,
8714692504099,100004021,VREDESTEIN,Reifen,16.csv,195,55,R,15,,,QUATRAC XL 3PMSF,,16,,,,,,
8714692506901,100004244,VREDESTEIN,Reifen,16.csv,225,50,R,18,,,ULTRAC XL*,,16,,,,,,
8714692800771,100004230,VREDESTEIN,Reifen,16.csv,165,70,R,14,,,SNOWTRAC 5 3PMSF,,16,,,,,,
8714692800801,100004232,VREDESTEIN,Reifen,16.csv,175,65,R,14,,,SNOWTRAC 5 3PMSF,,16,,,,,,
8714692802591,100004542,VREDESTEIN,Reifen,16.csv,215,50,R,18,,,WINTRAC PRO+ FSL 3PMSF,,16,,,,,,
8714692802638,100004545,VREDESTEIN,Reifen,16.csv,215,55,R,18,,,WINTRAC PRO+ XLFSL 3PMSF,,16,,,,,,
8714692802744,100004550,VREDESTEIN,Reifen,16.csv,225,45,R,17,,,WINTRAC PRO+ FSL 3PMSF,,16,,,,,,
8714692802928,100004561,VREDESTEIN,Reifen,16.csv,225,65,R,17,,,WINTRAC PRO+ XLFSL 3PMSF,,16,,,,,,
8714692804366,100004470,VREDESTEIN,Reifen,16.csv,235,40,R,18,,Z,ULTRAC PRO XLFSL,,16,,,,,,
8714692804373,100004734,VREDESTEIN,Reifen,16.csv,235,45,R,18,,Z,ULTRAC PRO XLFSL,,16,,,,,,
8714692804427,100004471,VREDESTEIN,Reifen,16.csv,235,40,R,19,,Z,ULTRAC PRO XLFSL,,16,,,,,,
8714692804458,100004509,VREDESTEIN,Reifen,16.csv,225,45,R,19,,Z,ULTRAC PRO XLFSL,,16,,,,,,
8714692807961,100004292,VREDESTEIN,Reifen,16.csv,235,55,R,19,,,QUATRAC PRO EV XLFSL 3PMSF,,16,,,,,,
8714692808074,100004297,VREDESTEIN,Reifen,16.csv,225,50,R,17,,,QUATRAC XL FSL 3PMSF,,16,,,,,,
8714692810220,100004415,VREDESTEIN,Reifen,16.csv,255,40,R,20,,,QUATRAC PRO+ XLFSL 3PMSF,,16,,,,,,
8714692810374,100004418,VREDESTEIN,Reifen,16.csv,255,35,R,19,,,QUATRAC PRO+ XLFSL 3PMSF,,16,,,,,,
8714692810459,100004375,VREDESTEIN,Reifen,16.csv,255,45,R,19,,,QUATRAC PRO+ XLFSL 3PMSF,,16,,,,,,
8714692810473,100004355,VREDESTEIN,Reifen,16.csv,235,45,R,19,,,QUATRAC PRO+ XLFSL 3PMSF,,16,,,,,,
8714692810497,100004522,VREDESTEIN,Reifen,16.csv,265,50,R,19,,,QUATRAC PRO+ XLFSL 3PMSF,,16,,,,,,
8714692810565,100004423,VREDESTEIN,Reifen,16.csv,225,55,R,19,,,QUATRAC PRO+ XLFSL 3PMSF,,16,,,,,,
8714692810602,100004424,VREDESTEIN,Reifen,16.csv,245,40,R,18,,,QUATRAC PRO+ XLFSL 3PMSF,,16,,,,,,
8714692810626,100004426,VREDESTEIN,Reifen,16.csv,225,40,R,18,,,QUATRAC PRO+ XLFSL 3PMSF,,16,,,,,,
8714692810671,100004395,VREDESTEIN,Reifen,16.csv,235,45,R,18,,,QUATRAC PRO+ XLFSL 3PMSF,,16,,,,,,
8714692810695,100004339,VREDESTEIN,Reifen,16.csv,215,45,R,18,,,QUATRAC PRO+ XLFSL 3PMSF,,16,,,,,,
8714692810701,100004428,VREDESTEIN,Reifen,16.csv,235,50,R,18,,,QUATRAC PRO+ XLFSL 3PMSF,,16,,,,,,
8714692810732,100004397,VREDESTEIN,Reifen,16.csv,255,55,R,18,,,QUATRAC PRO+ XLFSL 3PMSF,,16,,,,,,
8714692810763,100004399,VREDESTEIN,Reifen,16.csv,215,55,R,18,,,QUATRAC PRO+ XLFSL 3PMSF,,16,,,,,,
8714692810824,100004432,VREDESTEIN,Reifen,16.csv,215,40,R,17,,,QUATRAC PRO+ XLFSL 3PMSF,,16,,,,,,
8714692810855,100004353,VREDESTEIN,Reifen,16.csv,235,45,R,17,,,QUATRAC PRO+ XLFSL 3PMSF,,16,,,,,,
8714692810893,100004329,VREDESTEIN,Reifen,16.csv,205,45,R,17,,,QUATRAC PRO+ XLFSL 3PMSF,,16,,,,,,
8714692811173,100004364,VREDESTEIN,Reifen,16.csv,235,65,R,16C,119,,COMTRAC 2 ALL SEASON + 3PMSF,,16,,,,,,
8714692992315,100004693,VREDESTEIN,Reifen,16.csv,225,40,R,18,,Z,ULTRAC PRO FSL,,16,,,,,,
8714692995309,100004687,VREDESTEIN,Reifen,16.csv,215,60,R,16,,,ULTRAC+ XL,,16,,,,,,
8714692995415,100004699,VREDESTEIN,Reifen,16.csv,225,55,R,18,,,ULTRAC+ FSL,,16,,,,,,
8807622081668,240001232,NEXEN,Reifen,16.csv,215,60,R,16,,,N BLUE HD PLUS,,16,,,,,,
8807622100420,240000988,NEXEN,Reifen,16.csv,195,55,R,16,,,N BLUE 4SEASON XL 3PMSF,,16,,,,,,
8807622100468,240001105,NEXEN,Reifen,16.csv,205,55,R,16,,,N BLUE 4SEASON XL 3PMSF,,16,,,,,,
8807622100475,240001095,NEXEN,Reifen,16.csv,205,55,R,16,,,N BLUE 4SEASON 3PMSF,,16,,,,,,
8807622102141,240001203,NEXEN,Reifen,16.csv,215,55,R,17,,,N BLUE 4SEASON XL 3PMSF,,16,,,,,,
8807622102158,240001340,NEXEN,Reifen,16.csv,225,55,R,17,,,N BLUE 4SEASON XL 3PMSF,,16,,,,,,
8807622102998,240001407,NEXEN,Reifen,16.csv,235,45,R,17,,Z,N FERA PRIMUS XL,,16,,,,,,
8807622103056,240001080,NEXEN,Reifen,16.csv,205,50,R,16,,Z,N FERA PRIMUS,,16,,,,,,
8807622103346,240001173,NEXEN,Reifen,16.csv,215,45,R,16,,,N FERA PRIMUS XL,,16,,,,,,
8807622148590,240000979,NEXEN,Reifen,16.csv,195,55,R,15,,,N BLUE 4SEASON 3PMSF,,16,,,,,,
8807622185939,240001093,NEXEN,Reifen,16.csv,205,55,R,16,,,N BLUE 4SEASON 3PMSF,,16,,,,,,
8807622185946,240001104,NEXEN,Reifen,16.csv,205,55,R,16,,,N BLUE 4SEASON XL 3PMSF,,16,,,,,,
8807622186127,240000987,NEXEN,Reifen,16.csv,195,55,R,16,,,N BLUE 4SEASON XL 3PMSF,,16,,,,,,
8807622186165,240000914,NEXEN,Reifen,16.csv,185,60,R,14,,,N BLUE 4SEASON 3PMSF,,16,,,,,,
8807622186318,240000948,NEXEN,Reifen,16.csv,185,65,R,15,,,N BLUE 4SEASON 3PMSF,,16,,,,,,
8807622186363,240000884,NEXEN,Reifen,16.csv,175,70,R,14,,,N BLUE 4SEASON 3PMSF,,16,,,,,,
8807622188664,240001190,NEXEN,Reifen,16.csv,215,50,R,17,,,WINGUARD SPORT 2 WU7 XL 3PMS,,16,,,,,,
8807622199875,240001974,NEXEN,Reifen,16.csv,235,50,R,18,,,WINGUARD SPORT 2 XL 3PMSF,,16,,,,,,
8807622199912,240001985,NEXEN,Reifen,16.csv,235,55,R,19,,,WINGUARD SPORT 2 XL 3PMSF,,16,,,,,,
8807622200076,240002082,NEXEN,Reifen,16.csv,255,55,R,18,,,WINGUARD SPORT 2 SUV XL 3PMS,,16,,,,,,
8807622200878,240001906,NEXEN,Reifen,16.csv,205,65,R,16C,105,,N BLUE 4SEASON VAN BSW 3PMSF,,16,,,,,,
8807622200908,240001889,NEXEN,Reifen,16.csv,195,75,R,16C,105,,N BLUE 4SEASON VAN BSW 3PMSF,,16,,,,,,
8807622200946,240001890,NEXEN,Reifen,16.csv,195,80,R,15C,105,,N BLUE 4SEASON VAN BSW 3PMSF,,16,,,,,,
8807622203060,240001939,NEXEN,Reifen,16.csv,225,40,R,19,,Z,N FERA SPORT BSW,,16,,,,,,
8807622203091,240001918,NEXEN,Reifen,16.csv,215,40,R,18,,Z,N FERA SPORT BSW,,16,,,,,,
8807622203497,240001997,NEXEN,Reifen,16.csv,235,65,R,17,,,N FERA SPORT SUV BSW,,16,,,,,,
8807622211409,240002122,NEXEN,Reifen,16.csv,225,55,R,18,,,N BLUE 4SEASON 3PMSF,,16,,,,,,
8807622215933,240002221,NEXEN,Reifen,16.csv,245,45,R,18,,Z,N BLUE 4SEASON 2 XLBS,,16,,,,,,
8807622215940,240002173,NEXEN,Reifen,16.csv,215,45,R,17,,Z,N BLUE 4SEASON 2 XLBS,,16,,,,,,
8807622215971,240002188,NEXEN,Reifen,16.csv,225,45,R,17,,Z,N BLUE 4SEASON 2 XLBS,,16,,,,,,
8807622216046,240002201,NEXEN,Reifen,16.csv,235,35,R,19,,Z,N BLUE 4SEASON 2 XLBS,,16,,,,,,
8807622216176,240002190,NEXEN,Reifen,16.csv,225,45,R,18,,Z,N BLUE 4SEASON 2 XLBS,,16,,,,,,
8807622216299,240002183,NEXEN,Reifen,16.csv,215,70,R,15C,107,,N BLUE 4SEASON VAN BS 3PMSF,,16,,,,,,
8807622220784,240002318,NEXEN,Reifen,16.csv,195,45,R,16,,,N BLUE 4SEASON 2 XL 3PMSF,,16,,,,,,
8807622220883,240002321,NEXEN,Reifen,16.csv,195,55,R,16,,,N BLUE 4SEASON 2 XL 3PMSF,,16,,,,,,
8807622220937,240002316,NEXEN,Reifen,16.csv,185,65,R,15,,,N BLUE 4SEASON 2 XL 3PMSF,,16,,,,,,
8807622220968,240002353,NEXEN,Reifen,16.csv,225,40,R,19,,Z,N BLUE 4SEASON 2 XL 3P,,16,,,,,,
8807622220982,240002317,NEXEN,Reifen,16.csv,185,65,R,15,,,N BLUE 4SEASON 2 XL 3PMSF,,16,,,,,,
8807622221552,240002314,NEXEN,Reifen,16.csv,175,65,R,15,,,N BLUE 4SEASON 2 3PMSF,,16,,,,,,
8807622221576,240002371,NEXEN,Reifen,16.csv,235,50,R,19,,Z,N BLUE 4SEASON 2 XL 3,,16,,,,,,
8807622221583,240002391,NEXEN,Reifen,16.csv,255,40,R,20,,Z,N BLUE 4SEASON 2 XL 3,,16,,,,,,
8807622221637,240002417,NEXEN,Reifen,16.csv,225,45,R,19,,Z,N BLUE 4SEASON 2 XLBS,,16,,,,,,
8807622230202,240000595,NEXEN,Reifen,16.csv,235,40,R,18,,Z,N'FERA SU1 XLRPB,,16,,,,,,
8807622231209,240000657,NEXEN,Reifen,16.csv,245,40,R,18,,Z,N'FERA SU1 XLRPB,,16,,,,,,
8807622232800,240000625,NEXEN,Reifen,16.csv,235,60,R,18,,,N'FERA RU1,,16,,,,,,
8807622234903,240000485,NEXEN,Reifen,16.csv,215,40,R,17,,,N'FERA SU1 XLRPB,,16,,,,,,
8807622271908,240000605,NEXEN,Reifen,16.csv,235,50,R,18,,,N'FERA SU1 XLRPB,,16,,,,,,
8807622331602,240000946,NEXEN,Reifen,16.csv,185,65,R,15,,,WINGUARD SNOW G WH2 3PMSF,,16,,,,,,
8807622351303,240000752,NEXEN,Reifen,16.csv,285,30,R,20,,,N'FERA SU1 XLRPB,,16,,,,,,
8807622362507,240000490,NEXEN,Reifen,16.csv,215,45,R,18,,,N'FERA RU1 XLRPB,,16,,,,,,
8807622409301,240001027,NEXEN,Reifen,16.csv,195,65,R,15,,,WINGUARD SNOW G WH2 3PMSF,,16,,,,,,
8807622409608,240000491,NEXEN,Reifen,16.csv,215,45,R,18,,,N'FERA SU1 XLRPB,,16,,,,,,
8807622411304,240000739,NEXEN,Reifen,16.csv,275,35,R,20,,,N'FERA SU1 XLRPB,,16,,,,,,
8807622457500,240000907,NEXEN,Reifen,16.csv,185,55,R,15,,,WINGUARD SNOW G WH2 XL 3PMSF,,16,,,,,,
8807622457708,240000983,NEXEN,Reifen,16.csv,195,55,R,15,,,WINGUARD SNOW G WH2 3PMSF,,16,,,,,,
8807622457807,240000993,NEXEN,Reifen,16.csv,195,55,R,16,,,WINGUARD SNOW G WH2 3PMSF,,16,,,,,,
8807622458101,240000919,NEXEN,Reifen,16.csv,185,60,R,14,,,WINGUARD SNOW G WH2 3PMSF,,16,,,,,,
8807622458200,240000924,NEXEN,Reifen,16.csv,185,60,R,15,,,WINGUARD SNOW G WH2 3PMSF,,16,,,,,,
8807622459108,240001003,NEXEN,Reifen,16.csv,195,60,R,15,,,WINGUARD SNOW G WH2 3PMSF,,16,,,,,,
8807622459405,240000845,NEXEN,Reifen,16.csv,165,70,R,14,,,WINGUARD SNOW G WH2 3PMSF,,16,,,,,,
8807622488900,240000555,NEXEN,Reifen,16.csv,225,50,R,17,,,N'FERA SU1 XLRPB,,16,,,,,,
8807622502101,240000767,NEXEN,Reifen,16.csv,155,65,R,14,,,SNOW-G,,16,,,,,,
8807622502309,240000973,NEXEN,Reifen,16.csv,195,50,R,15,,,WINGUARD SNOW G WH2 3PMSF,,16,,,,,,
8807622503009,240000827,NEXEN,Reifen,16.csv,165,65,R,14,,,WINGUARD SNOW G WH2 3PMSF,,16,,,,,,
8807622503405,240000810,NEXEN,Reifen,16.csv,155,80,R,13,,,WINGUARD SNOW G WH2 3PMSF,,16,,,,,,
8807622509704,240000835,NEXEN,Reifen,16.csv,165,70,R,13,,,N BLUE HD PLUS,,16,,,,,,
8807622542404,240001240,NEXEN,Reifen,16.csv,215,60,R,17,,,N FERA RU1,,16,,,,,,
8808563283104,250000232,HANKOOK,Reifen,16.csv,145,80,R,13,,,K715,,16,,,,,,
8808563301983,220001132,HANKOOK,Reifen,16.csv,195,70,R,14,,,W442,,16,,,,,,
8808563326139,220001118,HANKOOK,Reifen,16.csv,165,80,R,13,,,W442,,16,,,,,,
8808563335803,220002081,HANKOOK,Reifen,16.csv,225,50,R,17,,,K117 S1 EVO2 MO,,16,,,,,,
8808563340388,220001659,HANKOOK,Reifen,16.csv,245,40,R,18,,,K117 S1 EVO2 AO,,16,,,,,,
8808563340401,220002213,HANKOOK,Reifen,16.csv,205,60,R,16,,,W310 AO,,16,,,,,,
8808563353579,250001551,HANKOOK,Reifen,16.csv,215,45,R,17,,,K120 V12 EVO2  XL,,16,,,,,,
8808563382999,220002682,HANKOOK,Reifen,16.csv,215,75,R,16C,114,,RA18 SBL M+S,,16,,,,,,
8808563393599,220002799,HANKOOK,Reifen,16.csv,225,45,R,17,,,V.S1 EVO3 K127B HRSXL*,,16,,,,,,
8808563393674,220002435,HANKOOK,Reifen,16.csv,225,50,R,17,,,V.S1 EVO3 K127 XL*,,16,,,,,,
8808563399706,220001660,HANKOOK,Reifen,16.csv,245,40,R,18,,,K117 S1 EVO2 XL AO,,16,,,,,,
8808563401942,220001532,HANKOOK,Reifen,16.csv,225,50,R,16,,,K125 VENTUS PRIME3 XL,,16,,,,,,
8808563405186,220001628,HANKOOK,Reifen,16.csv,175,80,R,14,,,W452,,16,,,,,,
8808563405193,220001621,HANKOOK,Reifen,16.csv,205,60,R,15,,,W452,,16,,,,,,
8808563405308,220001585,HANKOOK,Reifen,16.csv,195,50,R,15,,,W452,,16,,,,,,
8808563407869,220001871,HANKOOK,Reifen,16.csv,205,60,R,16,,,W320B 3PMSF HRS,,16,,,,,,
8808563411361,220002597,HANKOOK,Reifen,16.csv,165,60,R,14,,,2 K435 SBL,,16,,,,,,
8808563411385,220002220,HANKOOK,Reifen,16.csv,175,60,R,15,,,K435,,16,,,,,,
8808563411408,220001912,HANKOOK,Reifen,16.csv,175,65,R,14,,,K435 XL,,16,,,,,,
8808563411637,220002637,HANKOOK,Reifen,16.csv,195,65,R,15,,,2 K435 XLSBL,,16,,,,,,
8808563412061,220002052,HANKOOK,Reifen,16.csv,215,65,R,16,,,K125 VENTUS PRIME3,,16,,,,,,
8808563413716,220001923,HANKOOK,Reifen,16.csv,175,80,R,14,,,K435,,16,,,,,,
8808563413730,220002616,HANKOOK,Reifen,16.csv,185,60,R,14,,,2 K435 SBL,,16,,,,,,
8808563415437,220002412,HANKOOK,Reifen,16.csv,195,55,R,16,,,W320 XLAOFR 3PMSF,,16,,,,,,
8808563427560,220003077,HANKOOK,Reifen,16.csv,255,45,R,19,,,W320 XLMOSBL 3PMSF,,16,,,,,,
8808563431239,220003047,HANKOOK,Reifen,16.csv,215,65,R,17,,,W320A SUV HP AOSBL 3PMSF,,16,,,,,,
8808563431581,220002934,HANKOOK,Reifen,16.csv,195,55,R,16,,,K125B HRS*SBL,,16,,,,,,
8808563433592,220002026,HANKOOK,Reifen,16.csv,205,65,R,15,,,K435,,16,,,,,,
8808563437842,220003126,HANKOOK,Reifen,16.csv,215,60,R,17,,,2 K435 XLSBL,,16,,,,,,
8808563448893,220002545,HANKOOK,Reifen,16.csv,205,65,R,16C,105,,LV RW12 3PMSF,,16,,,,,,
8808563448985,220002550,HANKOOK,Reifen,16.csv,215,70,R,15C,107,,LV RW12 3PMSF,,16,,,,,,
8808563449036,220002541,HANKOOK,Reifen,16.csv,195,60,R,16C,97,,LV RW12 3PMSF,,16,,,,,,
8808563449043,220002566,HANKOOK,Reifen,16.csv,195,65,R,16C,102,,LV RW12 3PMSF,,16,,,,,,
8808563449159,220002930,HANKOOK,Reifen,16.csv,175,70,R,14C,93,,LV RW12 SBL 3PMSF,,16,,,,,,
8808563451862,220002234,HANKOOK,Reifen,16.csv,225,50,R,17,,,H750 XL 3PMSF,,16,,,,,,
8808563453620,220002331,HANKOOK,Reifen,16.csv,245,40,R,20,,Z,V.S1 EVO3 K127 XL,,16,,,,,,
8808563453675,220002314,HANKOOK,Reifen,16.csv,255,35,R,20,,Z,V.S1 EVO3 K127 XL,,16,,,,,,
8808563453804,220002317,HANKOOK,Reifen,16.csv,255,45,R,19,,Z,V.S1 EVO3 K127 XL,,16,,,,,,
8808563453934,220002475,HANKOOK,Reifen,16.csv,255,30,R,19,,Z,V.S1 EVO3 K127 XL,,16,,,,,,
8808563453941,220002488,HANKOOK,Reifen,16.csv,265,30,R,19,,Z,V.S1 EVO3 K127 XL,,16,,,,,,
8808563453972,220002392,HANKOOK,Reifen,16.csv,225,50,R,18,,Z,V.S1 EVO3 K127 XL,,16,,,,,,
8808563454016,220002342,HANKOOK,Reifen,16.csv,245,45,R,18,,Z,V.S1 EVO3 K127 XL,,16,,,,,,
8808563457765,220002703,HANKOOK,Reifen,16.csv,225,55,R,17,,,V.S1 EVO3 K127 XL*SBL,,16,,,,,,
8808563462578,220002375,HANKOOK,Reifen,16.csv,165,65,R,14,,,H750 3PMSF,,16,,,,,,
8808563462639,220002373,HANKOOK,Reifen,16.csv,165,65,R,15,,,H750 3PMSF,,16,,,,,,
8808563462646,220002372,HANKOOK,Reifen,16.csv,175,65,R,15,,,H750 3PMSF,,16,,,,,,
8808563462691,220002353,HANKOOK,Reifen,16.csv,195,50,R,15,,,H750 FR 3PMSF,,16,,,,,,
8808563462714,220002366,HANKOOK,Reifen,16.csv,205,60,R,15,,,H750 3PMSF,,16,,,,,,
8808563462776,220002357,HANKOOK,Reifen,16.csv,205,55,R,17,,,H750 XLFR 3PMSF,,16,,,,,,
8808563462783,220002351,HANKOOK,Reifen,16.csv,205,50,R,17,,,H750 XLFR 3PMSF,,16,,,,,,
8808563467306,220002573,HANKOOK,Reifen,16.csv,185,,R,14C,100,,VANTRA ST AS2 RA30 3PMSF,,16,,,,,,
8808563467344,220003646,HANKOOK,Reifen,16.csv,215,65,R,15C,102,,VANTRA ST AS2 RA30 3PMSF,,16,,,,,,
8808563468679,220002386,HANKOOK,Reifen,16.csv,235,65,R,17,,,H750A XL 3PMSF,,16,,,,,,
8808563472904,220002801,HANKOOK,Reifen,16.csv,235,55,R,20,,Z,V.S1 EVO3 K127A SUV X,,16,,,,,,
8808563472959,220002737,HANKOOK,Reifen,16.csv,245,45,R,20,,Z,V.S1 EVO3 K127A SUV X,,16,,,,,,
8808563473017,220002689,HANKOOK,Reifen,16.csv,225,40,R,20,,,V.S1 EVO3 K127A SUV XLSBLFSL,,16,,,,,,
8808563473802,220003416,HANKOOK,Reifen,16.csv,255,45,R,18,,,V.S1 EVO3 K127 XL*SBL,,16,,,,,,
8808563478371,220003065,HANKOOK,Reifen,16.csv,245,40,R,21,,Z,V.S1 EVO3 K127 XLSBL,,16,,,,,,
8808563478746,220003333,HANKOOK,Reifen,16.csv,225,60,R,17,,,3 W330 3PMSF,,16,,,,,,
8808563478869,220003063,HANKOOK,Reifen,16.csv,245,40,R,18,,,3 W330 XLSBLFSL 3PMSF,,16,,,,,,
8808563478913,220003057,HANKOOK,Reifen,16.csv,235,45,R,19,,,3 W330 XLSBLFSL 3PMSF,,16,,,,,,
8808563478951,220003048,HANKOOK,Reifen,16.csv,225,40,R,19,,,3 W330 XL,,16,,,,,,
8808563479217,220003356,HANKOOK,Reifen,16.csv,265,35,R,19,,,3 W330 XLFSL 3PMSF,,16,,,,,,
8808563479545,220002966,HANKOOK,Reifen,16.csv,225,65,R,17,,,3 X W330A SUV HP SBL 3PMSF,,16,,,,,,
8808563479705,220003053,HANKOOK,Reifen,16.csv,225,60,R,18,,,3 X W330A XL,,16,,,,,,
8808563479842,220002965,HANKOOK,Reifen,16.csv,225,65,R,17,,,3 X W330A SUV HP XLSBL 3PMSF,,16,,,,,,
8808563508603,220003233,HANKOOK,Reifen,16.csv,235,50,R,17,,,H750 FR 3PMSF,,16,,,,,,
8808563515687,220003374,HANKOOK,Reifen,16.csv,275,35,R,21,,,3 W330 XLFSL 3PMSF,,16,,,,,,
8808563521534,220003907,HANKOOK,Reifen,16.csv,235,55,R,19,,,VENTUS S1 EVO3 K127A SUV SBL,,16,,,,,,
8808563526515,220003212,HANKOOK,Reifen,16.csv,205,70,R,15,,,H750 3PMSF,,16,,,,,,
8808563526522,220003218,HANKOOK,Reifen,16.csv,215,55,R,17,,Z,H750 XLFSL 3PMSF,,16,,,,,,
8808563527390,220003242,HANKOOK,Reifen,16.csv,245,45,R,20,,,H750A XLFSL 3PMSF,,16,,,,,,
8808563531854,220003303,HANKOOK,Reifen,16.csv,225,45,R,18,,Z,V.S1 EVO3 K127 XLFSL,,16,,,,,,
8808563535630,220003635,HANKOOK,Reifen,16.csv,205,55,R,16,,,3 W462 XLSBL 3PMSF,,16,,,,,,
8808563535685,220003610,HANKOOK,Reifen,16.csv,185,60,R,14,,,3 W462 SBL 3PMSF,,16,,,,,,
8808563535692,220003614,HANKOOK,Reifen,16.csv,185,65,R,14,,,3 W462 SBL 3PMSF,,16,,,,,,
8808563535739,220003607,HANKOOK,Reifen,16.csv,185,55,R,15,,,3 W462 SBL 3PMSF,,16,,,,,,
8808563535746,220003657,HANKOOK,Reifen,16.csv,225,55,R,17,,,3 W462 SBLFSL 3PMSF,,16,,,,,,
8808563535968,220003606,HANKOOK,Reifen,16.csv,185,55,R,15,,,3 W462 XLSBL 3PMSF,,16,,,,,,
8808563536637,220003477,HANKOOK,Reifen,16.csv,225,55,R,17,,,VENTUS PRIME4 K135 XLFR,,16,,,,,,
8808563540986,220003998,HANKOOK,Reifen,16.csv,225,60,R,18,,,WINTER I*CEPT EVO3 X W330A S,,16,,,,,,
8808563544175,220003982,HANKOOK,Reifen,16.csv,215,60,R,16,,,VENTUS PRIME4 K135,,16,,,,,,
8808563545134,220003582,HANKOOK,Reifen,16.csv,225,50,R,17,,,VENTUS PRIME4 K135 XLFSL,,16,,,,,,
8808563545202,220003574,HANKOOK,Reifen,16.csv,215,55,R,17,,,VENTUS PRIME4 K135 FR,,16,,,,,,
8808563545226,220003566,HANKOOK,Reifen,16.csv,205,55,R,17,,,VENTUS PRIME4 K135 XLFSL,,16,,,,,,
8808563545288,220003503,HANKOOK,Reifen,16.csv,205,45,R,16,,Z,VENTUS PRIME4 K135 XLF,,16,,,,,,
8808563545363,220003507,HANKOOK,Reifen,16.csv,205,55,R,16,,,VENTUS PRIME4 K135 FR,,16,,,,,,
8808563545455,220003567,HANKOOK,Reifen,16.csv,205,60,R,16,,,VENTUS PRIME4 K135,,16,,,,,,
8808563545462,220003568,HANKOOK,Reifen,16.csv,205,60,R,16,,,VENTUS PRIME4 K135 XL,,16,,,,,,
8808563545486,220003501,HANKOOK,Reifen,16.csv,195,60,R,16,,,VENTUS PRIME4 K135,,16,,,,,,
8808563556734,220003478,HANKOOK,Reifen,16.csv,225,55,R,19,,,VENTUS PRIME4 K135 FR,,16,,,,,,
8808563556796,220003584,HANKOOK,Reifen,16.csv,225,60,R,17,,,VENTUS PRIME4 K135A,,16,,,,,,
8808563565842,220003680,HANKOOK,Reifen,16.csv,225,45,R,18,,,3 W330B HRSXLSBLFR 3PMSF,,16,,,,,,
8808563565866,220003852,HANKOOK,Reifen,16.csv,245,50,R,18,,,WINTER I*CEPT EVO3 W330B HRS,,16,,,,,,
8808563572871,220003983,HANKOOK,Reifen,16.csv,205,45,R,17,,,VENTUS S1 EVO3 K127B HRSXLI*,,16,,,,,,
8808563574585,220003777,HANKOOK,Reifen,16.csv,255,45,R,19,,,ION X SUV XLSBLFSL 3PMSF,,16,,,,,,
8808563574592,220003778,HANKOOK,Reifen,16.csv,255,45,R,20,,,ION X SUV XLSBLFSL 3PMSF,,16,,,,,,
8808563574714,220003737,HANKOOK,Reifen,16.csv,225,55,R,18,,,IW01 ION SBLFSL 3PMSF,,16,,,,,,
8808563575308,220003710,HANKOOK,Reifen,16.csv,245,45,R,19,,Z,H750 XLSBLFSL 3PMSF,,16,,,,,,
8808563576947,220004070,HANKOOK,Reifen,16.csv,235,50,R,18,,,VENTUS S1 EVO4 X K137A SUV X,,16,,,,,,
8808563584430,220003812,HANKOOK,Reifen,16.csv,215,65,R,17,,,3 X W330A XLSBL 3PMSF,,16,,,,,,
8808563590424,220003685,HANKOOK,Reifen,16.csv,195,65,R,15,,,K125 SBL,,16,,,,,,
8808563590431,220003682,HANKOOK,Reifen,16.csv,195,50,R,15,,,K125 SBLFR,,16,,,,,,
8808563590486,220003673,HANKOOK,Reifen,16.csv,195,55,R,15,,,K125 SBLFR,,16,,,,,,
8808563610337,220004029,HANKOOK,Reifen,16.csv,215,45,R,20,,,ION FLEXCLIMATE IL01 XLSBLFS,,16,,,,,,
8808563610375,220004027,HANKOOK,Reifen,16.csv,245,45,R,20,,Z,ION FLEXCLIMATE IL01,,16,,,,,,
8808563613062,220004111,HANKOOK,Reifen,16.csv,195,70,R,15C,102,,VANTRA TRANSIT RA58 SBL,,16,,,,,,
8808563613109,220004144,HANKOOK,Reifen,16.csv,215,70,R,15C,107,,VANTRA TRANSIT RA58 SBL,,16,,,,,,
8808563613192,220004112,HANKOOK,Reifen,16.csv,195,75,R,16C,108,,VANTRA TRANSIT RA58 SBL,,16,,,,,,
8808563614120,220004139,HANKOOK,Reifen,16.csv,215,60,R,17C,107,,VANTRA TRANSIT RA58 SBL,,16,,,,,,
8808563615288,220004196,HANKOOK,Reifen,16.csv,245,40,R,18,,Z,VENTUS EVO K137 XLSBLF,,16,,,,,,
8808956303457,180001659,KUMHO,Reifen,16.csv,195,50,R,15,,,WINTERCRAFT WP52 3PMSF,,16,,,,,,
8904288100013,300001221,CEAT,Reifen,16.csv,165,70,R,14,,,ECODRIVE,,16,,,,,,
8904288100112,300001231,CEAT,Reifen,16.csv,195,65,R,15,,,ECODRIVE,,16,,,,,,
8904288100143,300001234,CEAT,Reifen,16.csv,195,50,R,15,,,SECURADRIVE,,16,,,,,,
8904288100648,300001263,CEAT,Reifen,16.csv,205,45,R,17,,,SPORTDRIVE XL,,16,,,,,,
8904288100686,300001267,CEAT,Reifen,16.csv,225,40,R,18,,,SPORTDRIVE XL,,16,,,,,,
8904288103359,300001372,CEAT,Reifen,16.csv,225,60,R,17,,,WINTERDRIVE SUV XL,,16,,,,,,
8904288104998,300001344,CEAT,Reifen,16.csv,215,45,R,16,,,4SEASONDRIVE XL,,16,,,,,,
8904288105001,300001304,CEAT,Reifen,16.csv,225,50,R,17,,,4SEASONDRIVE XL,,16,,,,,,
8904288105032,300001298,CEAT,Reifen,16.csv,185,60,R,14,,,4SEASONDRIVE XL,,16,,,,,,
8904288105056,300001296,CEAT,Reifen,16.csv,185,65,R,14,,,4SEASONDRIVE,,16,,,,,,
8904288105063,300001202,CEAT,Reifen,16.csv,185,65,R,15,,,4SEASONDRIVE,,16,,,,,,
8904288105117,300001390,CEAT,Reifen,16.csv,205,50,R,17,,,4SEASONDRIVE XL,,16,,,,,,
8904288105179,300001326,CEAT,Reifen,16.csv,215,60,R,16,,,4SEASONDRIVE XL,,16,,,,,,
8904288111842,300001407,CEAT,Reifen,16.csv,235,55,R,17,,,4SEASONDRIVE SUV XL,,16,,,,,,
4250145477021,620070472,RC-DESIGN,Felgen,16.csv,,,,,,,,,16,7.5,17,50,,,
4250906819091,510068764,Stahlfelge,Felgen,16.csv,,,,,,,,,16,,,,,,
4250906819138,510068820,Stahlfelge,Felgen,16.csv,,,,,,,,,16,,,,,,
4250906820929,510068956,Stahlfelge,Felgen,16.csv,,,,,,,,,16,,,,,,
4250996302558,620071436,RC-DESIGN,Felgen,16.csv,,,,,,,,,16,6,15,23,,,
4250996304941,580071440,BROCK,Felgen,16.csv,,,,,,,,,16,8.5,19,45,,,
4250996306686,620071013,RC-DESIGN,Felgen,16.csv,,,,,,,,,16,6.5,16,48,,,
4250996317460,580081069,BROCK,Felgen,16.csv,,,,,,,,,16,8,18,45,,,
4250996322501,580081177,BROCK,Felgen,16.csv,,,,,,,,,16,7.5,19,43,,,
4250996333286,620072723,RC-DESIGN,Felgen,16.csv,,,,,,,,,16,8,19,40,,,
4250996340468,620072974,RC-DESIGN,Felgen,16.csv,,,,,,,,,16,7,17,50,,,
4250996340628,620072993,RC-DESIGN,Felgen,16.csv,,,,,,,,,16,8.5,20,43,,,
9008070000914,510068918,Stahlfelge,Felgen,16.csv,,,,,,,,,16,,,,,,
9008070001973,510068932,Stahlfelge,Felgen,16.csv,,,,,,,,,16,,,,,,
9008070002062,510068931,Stahlfelge,Felgen,16.csv,,,,,,,,,16,,,,,,
9008070036357,510068831,Stahlfelge,Felgen,16.csv,,,,,,,,,16,,,,,,
9008070041054,510068809,Stahlfelge,Felgen,16.csv,,,,,,,,,16,,,,,,
9008070041108,510068837,Stahlfelge,Felgen,16.csv,,,,,,,,,16,,,,,,
9008070048657,510068893,Stahlfelge,Felgen,16.csv,,,,,,,,,16,,,,,,
9008070070016,510068870,Stahlfelge,Felgen,16.csv,,,,,,,,,16,,,,,,
9008070072256,510068737,Stahlfelge,Felgen,16.csv,,,,,,,,,16,,,,,,
9008070074601,510068876,Stahlfelge,Felgen,16.csv,,,,,,,,,16,,,,,,
9008070074618,510068895,Stahlfelge,Felgen,16.csv,,,,,,,,,16,,,,,,
9008070076407,510068532,Stahlfelge,Felgen,16.csv,,,,,,,,,16,,,,,,
9008070077602,510068492,Stahlfelge,Felgen,16.csv,,,,,,,,,16,,,,,,
9008070077770,510068681,Stahlfelge,Felgen,16.csv,,,,,,,,,16,,,,,,
9008070083252,510068461,Stahlfelge,Felgen,16.csv,,,,,,,,,16,,,,,,
9008070087588,510068734,Stahlfelge,Felgen,16.csv,,,,,,,,,16,,,,,,
9008070088738,510068554,Stahlfelge,Felgen,16.csv,,,,,,,,,16,,,,,,
9008070090212,510068811,Stahlfelge,Felgen,16.csv,,,,,,,,,16,,,,,,
9008070093374,510068581,Stahlfelge,Felgen,16.csv,,,,,,,,,16,,,,,,
9008070098331,510068704,Stahlfelge,Felgen,16.csv,,,,,,,,,16,,,,,,
9008070099802,510068344,Stahlfelge,Felgen,16.csv,,,,,,,,,16,,,,,,
9008070184263,510068756,Stahlfelge,Felgen,16.csv,,,,,,,,,16,,,,,,
9008070196853,510068323,Stahlfelge,Felgen,16.csv,,,,,,,,,16,,,,,,
9008070199755,510068328,Stahlfelge,Felgen,16.csv,,,,,,,,,16,,,,,,
9008070230557,510068841,Stahlfelge,Felgen,16.csv,,,,,,,,,16,,,,,,
9008070240556,510068842,Stahlfelge,Felgen,16.csv,,,,,,,,,16,,,,,,
9008070255802,510068891,Stahlfelge,Felgen,16.csv,,,,,,,,,16,,,,,,
9008070265016,510068739,Stahlfelge,Felgen,16.csv,,,,,,,,,16,,,,,,
9008070266655,510068814,Stahlfelge,Felgen,16.csv,,,,,,,,,16,,,,,,
9008070269557,510068875,Stahlfelge,Felgen,16.csv,,,,,,,,,16,,,,,,
9008070269779,510068888,Stahlfelge,Felgen,16.csv,,,,,,,,,16,,,,,,
9008070273127,510068886,Stahlfelge,Felgen,16.csv,,,,,,,,,16,,,,,,
9008070282471,510068664,Stahlfelge,Felgen,16.csv,,,,,,,,,16,,,,,,
9008070294320,510068698,Stahlfelge,Felgen,16.csv,,,,,,,,,16,,,,,,
9008070383376,510068665,Stahlfelge,Felgen,16.csv,,,,,,,,,16,,,,,,
9008070391180,510068667,Stahlfelge,Felgen,16.csv,,,,,,,,,16,,,,,,
9008070391975,510068759,Stahlfelge,Felgen,16.csv,,,,,,,,,16,,,,,,
9008070445951,510068828,Stahlfelge,Felgen,16.csv,,,,,,,,,16,,,,,,
9008070461319,510068868,Stahlfelge,Felgen,16.csv,,,,,,,,,16,,,,,,
9008070465935,510068890,Stahlfelge,Felgen,16.csv,,,,,,,,,16,,,,,,
9008070466963,510068869,Stahlfelge,Felgen,16.csv,,,,,,,,,16,,,,,,
9008070474883,510068866,Stahlfelge,Felgen,16.csv,,,,,,,,,16,,,,,,
9008070474937,510068884,Stahlfelge,Felgen,16.csv,,,,,,,,,16,,,,,,
9008070495352,510068303,Stahlfelge,Felgen,16.csv,,,,,,,,,16,,,,,,
9008071784608,510068235,Stahlfelge,Felgen,16.csv,,,,,,,,,16,,,,,,
9008075059955,510068431,Stahlfelge,Felgen,16.csv,,,,,,,,,16,,,,,,
9008079070116,510068796,Stahlfelge,Felgen,16.csv,,,,,,,,,16,,,,,,
9008079075036,510068745,Stahlfelge,Felgen,16.csv,,,,,,,,,16,,,,,,
9008079090022,510068740,Stahlfelge,Felgen,16.csv,,,,,,,,,16,,,,,,
9008079091333,510068572,Stahlfelge,Felgen,16.csv,,,,,,,,,16,,,,,,
